Australia,Brazil,Canada,Japan,USA,England,Germany,Spain,France,Italy,Netherlands,Poland,Sweden
John,Jose,David,Hiroshi,Michael,John,Michael,Jose,Marie,Alberta,Peter,Anna,Lars
Peter,Joao,Robert,Shigeru,Robert,Michael,Wolfgang,Juan,Michel,Andrea,Hans,Tomasz,Eva
Michael,Antonio,Michael,Sachiko,David,Paul,Thomas,Francisco,Claude,Angelica,Rob,Marcin,Per
Paul,Ana,Paul,Masako,James,Andrew,Klaus,Antonio,Dominique,Angelino,Henk,Krzysztof,Karl
Andrew,Francisco,Richard,Katsumi,Mary,Peter,Werner,Ana,Philippe,Antonia,Paul,Katarzyna,Jan
Mark,Luiz,James,Yoko,William,James,Manfred,Manuel,Francis,Antonio,Jeroen,Agnieszka,Karin
Robert,Carlos,Peter,Michiko,Richard,Robert,Ursula,Miguel,Pierre,Aurelio,Monique,Joanna,Hans
Ian,Paulo,William,Toshio,Thomas,Mark,Maria,Carmen,Alain,Cecilia,Frank,Magdalena,Nils
Chris,Pedro,Brian,Yoshiko,Linda,Richard,Hans,David,Nathalie,Cesare,Marcel,Andrzej,Maria
Steven,Manoel,Mary,Hiromi,Mark,Susan,Heinz,Luis,Bernard,Claudia,John,Marek,Sven
James,Marcos,Linda,Hiroko,Charles,Stephen,Andreas,Carlos,Isabelle,Claudio,Karin,Maciej,Erik
Tony,Lucas,Daniel,Yoshio,Joseph,Margaret,Jürgen,Jesus,Andre,Cristiana,Erik,Grzegorz,Johan
Greg,Francisca,Mark,Kazuo,Patricia,Sarah,Monika,Javier,Patrick,Debora,Wim,Robert,Anders
Benjamin,Raimundo,Chris,Akira,Barbara,Christopher,Helmut,Pedro,Catherine,debora,Sandra,Monika,Bengt
Julie,Gabriel,Karen,Keiko,Jennifer,Ian,Gerhard,Daniel,Daniel,Debora,Mark,Adam,Carl
Richard,Rafael,Jennifer,Hisako,Paul,Steven,Petra,Isabel,Jacques,Edoardo,Esther,Ewa,Bo
Karen,Antonia,Lisa,Yoshimi,Maria,Thomas,Günter,Jose-Antonio,Sylvie,Edoardo,Linda,Jacek,Lena
Tim,Marcelo,Susan,Fumiko,Susan,William,Renate,Rosa,Christian,Elisabetta,Robert,Wojciech,Ingrid
Jason,Sebastiao,Michel,Masao,Daniel,Alan,Helga,Angel,Eric,Emilia,Jos,Marta,Kerstin
Michelle,Daniel,Kevin,Toshiko,Steven,Anthony,Karin,Laura,Thierry,Eugenio,Johan,Mariusz,Mats
Stephen,Luis,George,Kiyoshi,Lisa,Patricia,Dieter,Alejandro,Christophe,Fabiola,Bart,Pawel,Leif
Daniel,Eduardo,Jean,Takashi,Karen,Elizabeth,Horst,Jose-Luis,Laurent,Francesca,Petra,Michal,Ulf
Helen,Bruno,Ken,Yukio,Brian,Mary,Sabine,Josefa,Pascal,Giorgio,Ronald,Micha_,Björn
Scott,Rodrigo,Steven,Hideo,Elizabeth,Simon,Brigitte,Francisco-Javier,Rene,Giovanni,Richard,Pawe_,Inger
Sue,Fernando,Jim,Koshi,Nancy,Julie,Josef,Rafael,Monique,Giuseppe,Rene,Karolina,Sara
Craig,Jorge,Andrew,Yasuko,Donald,Brian,Ingrid,Ana-Maria,Christine,Gloria,Yvonne,Dariusz,Ulla
Elizabeth,Adriana,Michelle,Koichi,Kevin,Karen,Elisabeth,Cristina,Joseph,Gregori,Martin,Artur,Kjell
Matthew,Andre,Eric,Reiko,Gary,Christine,Frank,Marta,Olivier,iolanda,Ellen,Aleksandra,Peter
Sarah,Fabio,Pierre,Koji,Scott,Daniel,Andrea,Pablo,Martine,Jessica,Anne,Jakub,Emma
William,Matheus,Ron,Takeshi,George,Helen,Gisela,Maria-Pilar,Anne,Leo,Ingrid,Mateusz,Stig
Simon,Marcia,Don,Takako,Carol,Martin,Walter,Jorge,Nicolas,Lidia,Bert,Dorota,Linda
Lisa,Leonardo,Nancy,Tadashi,Michelle,Emma,Bernd,Fernando,Robert,Lidia,Martijn,Jan,Rolf
Anthony,Guilherme,Andre,Miyoko,Edward,Linda,Erika,Jose-Manuel,Sandrine,Livia,Patrick,Beata,John
Kate,Juliana,Gary,Tomiko,Donna,Matthew,Karl,Francisca,Valerie,Lucia,Marco,Justyna,Malin
Thomas,Fernanda,Thomas,Emiko,Sandra,Kevin,Christa,Miguel-Angel,Jean-Pierre,Lucio,Marieke,Barbara,Jenny
Brian,Leandro,Frank,Shizuko,Kenneth,Jean,Claudia,Antonia,David,Maria,Kim,Agata,Daniel
Gary,Felipe,Kim,Noriko,Chris,Philip,Herbert,Alberto,Jacqueline,Maria,Bas,Ma_gorzata,Marie
Adam,Ricardo,Kelly,Yuko,Jason,Jane,Martin,Sergio,Roger,Marta,Kees,Kamil,Siv
Kim,Marcio,Jason,Kiyoko,Ronald,Janet,Birgit,Lucia,Sophie,Matteo,Frans,Lukasz,Elin
Geoff,Patricia,Diane,Ko,Larry,Lisa,Christine,Jose-Maria,Guy,mo,Michael,Iwona,Jonas
Alan,Edson,Donna,Nobuko,Christopher,Gary,Susanne,Dolores,Jean-Claude,Monica,Gerard,Kasia,Åsa
Rebecca,Sandra,Julie,Mieko,Jose,Claire,Christian,Maria-Isabel,Didier,Natalia,Jolanda,Bartosz,Hanna
Matt,Roberto,Claude,Yoshie,Sharon,Nicola,Stefan,Maria-Jose,Bruno,Nicola,Willem,Daniel,Fredrik
Wayne,Gustavo,Jeff,Shoji,Anthony,Colin,Heike,Elena,Nicole,Olga,Dennis,Zbigniew,Annika
Jane,Anderson,Sandra,Masami,Laura,Joan,Franz,Sara,Marcel,Oscar,Marc,Paulina,Ann
Jenny,Alexandre,Scott,Teruko,Eric,Graham,Elke,Paula,Marc,pamela,Pieter,Jerzy,Barbro
Susan,Geraldo,Heather,Mitsuo,Amy,Jennifer,Uwe,Diego,Yves,Paolo,Saskia,Janusz,Thomas
Wendy,Thiago,Donald,Ryoko,Matthew,Barbara,Barbara,Pilar,Georges,Patrizio,Marianne,Magda,Gun
Amanda,Aline,Roger,Yasuo,Stephen,George,Karl-Heinz,Victor,Serge,Raffaella,Theo,Sebastian,Britt
Shane,Josefa,Carol,Chiyoko,Frank,Neil,Martina,Raquel,Laurence,Riccardo,Jacqueline,Rafal,Martin
Anne,Jessica,Denis,Kazue,Betty,Keith,Marianne,Eva,Julien,Rosita,Eric,Maria,Mikael
Christine,Luciana,Dan,Chieko,Margaret,Michelle,Inge,Alvaro,Patricia,Sara,Judith,Sylwia,Stefan
Nick,Julia,Patrick,Sumiko,Andrew,Joanne,Hildegard,Adrian,Paul,Sergio,Ron,Rafa_,Johanna
Darren,Sergio,Wayne,Hiroyuki,Deborah,Angela,Georg,Juan-Carlos,Henri,Silvia,Ruud,Karol,Kent
Sharon,Miguel,Nicole,Akiko,Jeffrey,Carol,Heinrich,Juana,Brigitte,Silvio,Ton,Malgorzata,Birgitta
Bruce,Amanda,Martin,Shigeo,Melissa,Ann,Hermann,Maria-Luisa,Vincent,Siria,Maarten,Arkadiusz,Sandra
Kevin,Joaquim,Barbara,Susumu,Timothy,Laura,Angelika,Enrique,Christiane,Stefano,Sander,Aneta,Ida
Luke,Bruna,Christine,Etsuko,Cynthia,Lee,Rudolf,Juan-Jose,Stephane,Tania,Inge,Natalia,David
Jennifer,Raimunda,Doug,Akio,Diane,Jacqueline,Anna,Raul,Corinne,Tommaso,Nicole,Izabela,Andreas
Graham,Vanessa,Sarah,Shigeko,Joe,Sharon,Ute,Vicente,Maurice,Umberto,Anita,Damian,Magnus
Fiona,Rita,Pat,Isamu,Julie,Rebecca,Rolf,Mercedes,Annie,Valeria,Laura,Konrad,Susanne
Sam,Vera,Joe,Shizue,Angela,Jonathan,Doris,Concepcion,Louis,Valerio,Edwin,Leszek,Monica
Brett,Diego,Jacques,Kenichi,Jerry,Stuart,Kurt,Manuela,Stephanie,Valter,Tom,Szymon,Robert
Robyn,Camila,Sharon,Masaki,Kimberly,Sandra,Siegfried,Ivan,Christelle,Giuseppe,Michel,_ukasz,Berit
Margaret,Claudio,Brenda,Yaeko,Jeff,Chris,Rainer,Ramon,Franck,Anna,Robin,Ania,Anita
Terry,Julio,Elizabeth,Aiko,Sarah,Louise,Joachim,Teresa,Chantal,Giovanni,Wendy,Jolanta,Pia
Emma,Davi,Terry,Masahiro,Peter,Catherine,Johann,Beatriz,Francoise,Antonio,Astrid,Renata,Kurt
Nicole,Leticia,Bob,Shinichi,Brenda,Anne,Irmgard,Ruben,Frederic,Francesco,Marjolein,Ewelina,Sofia
Phil,Sonia,Laura,Shoichi,Jessica,Kenneth,Hannelore,Oscar,Celine,Andrea,Mirjam,Dawid,Inga
Neil,Luciano,Bruce,Jitsu,Kathy,Rachel,Gertrud,Andres,Sebastien,Luigi,Harry,Ryszard,Helena
Colin,Rosa,Marc,Osamu,Dorothy,Kathleen,Ralf,Maria-Jesus,Denis,Mario,Jaap,Tomek,Dan
Melissa,Terezinha,Greg,Tomoko,Kathleen,Alison,Ulrike,Nuria,Raymond,Rosa,Joost,Alicja,Gunilla
Stuart,Mariana,Gordon,Sadako,Shirley,Adam,Kerstin,Eduardo,Aurelie,Salvatore,Andre,Kamila,Carina
Linda,Benedito,Joseph,Masayuki,Stephanie,Amanda,Jutta,Alba,Gilles,Angela,Anja,Jaros_aw,Sten
Ken,Beatriz,Stephen,Takeo,Janet,Deborah,Norbert,Santiago,Caroline,Vincenzo,Patricia,Edyta,Frida
Jim,Simone,Gilles,Takao,Kelly,Nicholas,Wilhelm,Julia,Veronique,Roberto,Sanne,Wojtek,Henrik
Bob,Adriano,Rick,Hideko,Terry,Darren,Bernhard,Joaquin,Guillaume,Paolo,Ben,Roman,Camilla
Catherine,Mario,Anne,Tsutomu,Rebecca,Edward,Markus,Silvia,Karine,Giovanna,David,Dominika,Claes
Jo,Vinicius,Mike,Makoto,Jim,Samantha,Jörg,Rosario,Denise,Marco,Marijke,Jaroslaw,Lisa
Graeme,Renato,Margaret,Yoshiaki,Christine,Pauline,Alfred,Irene,Maria,Angelo,Suzanne,Marzena,Jessica
Alex,Eliane,Raymond,Yuki,Ann,Sheila,Matthias,Roberto,Jeanne,Francesca,Tim,Dominik,Gerd
Louise,Renata,Debbie,Haruko,Pamela,Victoria,Alexander,Andrea,Gerard,Domenico,Chris,Urszula,Mona
Brad,Claudia,Edward,Ayako,Patrick,Caroline,Ruth,Sandra,Delphine,Paola,Anneke,Adrian,Christina
Barry,Larissa,Guy,Yuji,Debra,Maureen,Anja,Patricia,Emilie,Pietro,Chantal,Patrycja,Alf
Martin,Tiago,Larry,Kimiko,Dennis,Gillian,Ulrich,Encarnacion,Claudine,Michele,Fred,Tadeusz,Tommy
Trevor,Arthur,Wendy,Asahi,Kim,Wendy,Willi,Mario,Julie,Lucia,Piet,Przemys_aw,Marcus
Anna,Cristiane,Charles,Haruo,Carolyn,Pamela,Erich,Sonia,Colette,Franco,Els,Jarek,Kristina
Kerry,Alex,Tim,Minoru,Jean,Jason,Gerda,Monica,Jean-Paul,Alessandro,Joke,Kinga,Elsa
Kylie,Samuel,Tony,Atsushi,Helen,Raymond,Sandra,Montserrat,Claire,Carlo,Bianca,Waldemar,Patrik
Jessica,Rosangela,Joanne,Kachi,Joyce,Dorothy,Christel,Ignacio,Yvette,Stefano,Wouter,El_bieta,Lennart
Ross,Joana,Marie,Kiyo,Steve,Ronald,Elfriede,Rocio,Francois,Laura,Simone,Patryk,Jens
Glenn,Gabriela,Kathy,Tetsuo,Cheryl,Joseph,Rita,Jaime,Sylvain,Carmela,Arjan,Aleksander,Astrid
Debbie,Marlene,Alain,Yoshihiro,Amanda,Benjamin,Anneliese,Angela,Anne-Marie,Teresa,Miranda,Olga,Sonja
Mary,Luana,Amanda,Kunio,Mike,Barry,Waltraud,Susana,Pascale,Massimo,Wilma,Witold,Gunnel
Nathan,Cicero,Judy,Yutaka,Judy,Derek,Harald,Marcos,Thomas,Daniela,Joyce,Przemyslaw,Göran
George,Victor,Ryan,Taeko,Joan,Joyce,Roland,Jordi,Florence,Nicola,Niels,Bartek,Simon
Dean,Luzia,Cindy,Tatsuo,Teresa,Maria,Marion,Marina,Jean-Louis,Giorgio,Carla,Danuta,Cecilia
Ray,Aparecida,Angela,Tadao,Heather,Nigel,Edith,Alicia,Roland,Bruno,Leao,Krystyna,Joakim
Angela,Vitor,Helen,Yukie,Ruth,Tracey,Reinhard,Yolanda,Madeleine,Rita,Annemarie,Maciek,Anette
Sandra,Angela,Jack,Sadao,Martha,Valerie,Ilse,Alfonso,Charles,Maurizio,Caroline,Bogdan,Olof
Tracey,Fabiana,Alex,Yoshiharu,Ryan,Craig,Nicole,Ricardo,Alexandre,Caterina,Erwin,Slawomir,Emelie
Sally,Rogerio,Ian,Teruo,Gregory,Charles,Beate,Margarita,Jean-Luc,Elena,Vincent,Hanna,Birgit
Rod,Ronaldo,Stephanie,Masaaki,Keith,Diane,Regina,Natalia,Sandra,Luciano,Maaike,Filip,Tomas
Mick,Alice,Melissa,Kimie,Jack,Roger,Paul,Francisco-Jose,Annick,Alberto,Michiel,Teresa,Bernt
Frank,Flavio,Janet,To,Raymond,Tony,Ingeborg,Inmaculada,Antoine,Patrizia,Stefan,Ola,Anne
Leanne,Daniela,Joan,Hatsue,Denise,Elaine,Rosemarie,Julio,Jean-Marie,Luca,Ineke,Cezary,Mattias
Justin,Nelson,Denise,Noboru,Douglas,Sally,Günther,Salvador,Mireille,Antonietta,Maria,Darek,Rut
Donna,Douglas,Mario,Seiji,Tim,Charlotte,Gerd,Esther,Bernadette,Pasquale,Herman,Przemek,Lina
Jeff,Luiza,Gerald,Hisao,Juan,Patrick,Gabriele,Claudia,Helene,Carla,Hanneke,Martyna,Niklas
Joanne,Mateus,Cheryl,Seiichi,Roger,June,Lothar,Emilio,Lucien,Mauro,Rick,Rados_aw,Pär
Adrian,Laura,Cathy,Yoshikazu,Lori,Anna,Ernst,Josep,Benoit,Sergio,Mieke,Emilia,Yvonne
Alison,Helena,Anna,Kaoru,Judith,Eileen,Robert,Maria-Josefa,Arnaud,Fabio,Ria,Miros_aw,Alexander
Jan,Raquel,Ronald,Katsuko,Nicole,Lesley,Dirk,Joan,Josiane,Antonella,Marleen,Bart_omiej,Arne
Rachel,Carla,Marcel,Satoshi,Virginia,Lucy,Eva,Guillermo,Jeannine,Claudio,Ilse,Hubert,Ulrika
Belinda,Lucia,Fred,Kiyomi,Bruce,Roy,Friedrich,Gabriel,Ludovic,Enrico,Nico,Gosia,Åke
Keith,Regina,Dennis,Fusako,Anna,Malcolm,Manuela,Hugo,Jean-Marc,Franca,Claudia,Elzbieta,Agneta
Philip,Severino,Steve,Toshie,Gloria,Brenda,Silke,Noelia,Marie-Thérèse,Antonino,Sylvia,Krystian,Maj
Heather,Andreia,Shirley,Toshiyuki,Marie,Adrian,Erwin,Carla,Patrice,Antonia,Iris,Klaudia,Julia
Kelly,Alessandra,Catherine,Toshiaki,Catherine,Terence,Sonja,Sofia,Gilbert,Raffaele,Irene,Julia,Håkan
Samantha,Debora,Keith,Chizuko,Cindy,Tracy,Katharina,Veronica,Lionel,Giancarlo,Marion,Miroslaw,Gustav
Ron,Reginaldo,Lynn,Harue,Dan,Kelly,Johannes,Marc,Richard,Silvana,Diana,Radek,Michael
Allan,Gilberto,Wm,Ichiro,Randy,Irene,Gudrun,Carolina,Myriam,Alessandra,Janneke,Kuba,Nina
Russell,Vitoria,Louise,Fumio,Janice,Dawn,Fritz,Julian,Yannick,Cristina,Dirk,Stanis_aw,Emil
Christopher,Robson,Maria,Toyoko,Jane,Geoffrey,Otto,Gonzalo,Mathieu,Stefania,Liesbeth,Ireneusz,Christer
Megan,Henrique,Robin,Kikue,Wayne,Shirley,Anita,Mohamed,Sonia,Gabriella,Eva,Lidia,Gunnar
Grant,Wilson,Lori,Masae,Don,Trevor,Tanja,Angeles,Michele,Simone,Cees,Marian,Robin
Barbara,Elaine,Andrea,Toru,Tammy,Timothy,Jens,Tomas,Albert,Daniele,Gerrit,Henryk,Petra
Natalie,Jaqueline,Tracy,Kunshi,Christina,Clare,Christiane,Victoria,Alexandra,Roberta,Albert,Weronika,Amanda
Brendan,Mauricio,Allan,Saburo,Robin,Amy,Margarete,Lorena,Odile,Vittorio,Roel,Radoslaw,Bror
Judy,Marco,Bill,Masayoshi,Greg,Doreen,Volker,Ines,Magali,Aldo,Alex,Gra_yna,Caroline
Maria,Thais,Randy,Fumi,Gerald,Denise,Sigrid,Agustin,Fabrice,Lorenzo,Roy,Mariola,Marianne
Aaron,Priscila,Dave,Sanae,Debbie,Natalie,Wilfried,Miriam,Mickael,Renato,Marian,Ilona,Kim
Joe,Elias,Barry,Yosuke,Carl,Sylvia,Silvia,Nerea,Simone,Barbara,Dick,Ela,Christian
Lyn,Anna,Douglas,Hitoshi,Theresa,Donna,Bärbel,Felix,Emmanuel,Monica,Marloes,Zofia,Anneli
Ann,Natalia,Tammy,Kayoko,Andrea,Marie,Bettina,Cristian,Cyril,Gaetano,Martine,Daria,Klas
Patrick,Tereza,Brad,Miyo,Walter,Ruth,Daniela,Martin,Laure,Grazia,Barbara,Anita,Ingela
Lee,David,Jane,Kazuko,Todd,Gemma,Irene,Amparo,Jean-Fran,Luisa,Thomas,Maja,Margareta
Cameron,Flavia,Ann,Sadami,Jonathan,Hannah,Simone,Jose-Miguel,Jean-Michel,Elisabetta,Angelique,Alina,Katarina
Amy,Domingos,Patricia,Mitsue,Beverly,Scott,Cornelia,Olga,Elisabeth,Margherita,Remco,Halina,Tobias
Ryan,Rafaela,Serge,Junichi,Tina,Katie,Stefanie,Anna,Jerome,Fabrizio,Anna,Stanislaw,Monika
Vicki,Andrea,Sylvain,Eiji,Tracy,Lorraine,Lutz,Daniela,Jean-Jacques,Davide,Tineke,Dagmara,Elisabeth
Carol,Marina,Melanie,Kumiko,Marilyn,Mohammed,Annette,Maria-Victoria,Manuel,Gianfranco,Gert,Irena,Solveig
Jamie,Viviane,Rene,Mitsuko,Diana,Leslie,Anke,Luisa,Joel,Luciana,Marjan,Arek,Louise
Phillip,Silvana,Alan,Eiichi,Lynn,Judith,Heidi,Nicolas,Yann,Marisa,Manon,Iza,Märta
Tanya,Edna,Ray,Ken,Dawn,Paula,Angela,Clara,Nadine,Vito,Mariska,Kazimierz,Maud
Emily,Igor,Sue,Haruki,Craig,Yvonne,Michaela,Catalina,Joelle,Riccardo,Anouk,Asia,Paul
Jack,Wellington,Jan,Yoshinori,Adam,Julia,Holger,Ana-Belen,Xavier,Matteo,Marja,Stefan,Anton
Lauren,Danilo,Francois,Fumie,Bob,Jamie,Hans-Jürgen,Gloria,Marie-Christine,Silvia,Ad,Bartlomiej,Lisbeth
Stephanie,Paula,Luc,Yukiko,Alan,Alex,Dagmar,Fatima,Hubert,Vincenza,Danny,Grazyna,Roger
Sean,Cristiano,Laurie,Shiro,Ashley,Fiona,Johanna,Maria-Elena,Melanie,Rosaria,Jessica,Bo_ena,Eric
Roger,Vicente,Matthew,Yasuhiro,Tony,Heather,Richard,Ismael,Marie-Louise,Rosanna,Annelies,Wioletta,Jesper
Rick,Solange,Shannon,Midori,Justin,Stephanie,Hubert,Samuel,Amandine,Chiara,Cor,Jadwiga,Bertil
Cathy,Jefferson,Yves,Shozo,Rachel,Eric,Christina,Lidia,Danielle,Giuliana,Raymond,Marlena,Stina
Leigh,Bianca,Dale,Ei,Henry,Sean,Anton,Hector,Lydie,Marina,Nathalie,S_awomir,Knut
Glen,Silvia,Suzanne,Shinji,Paula,Dennis,Udo,Blanca,Jean-Yves,Bruna,Maurice,Wiktor,Jimmy
Don,Marta,Tom,Kazuhiro,Harold,Kate,Melanie,Alejandra,Janine,Giacomo,Geert,Michael,Adam
Warren,Sueli,Ruth,Yumiko,Lee,Dean,Katrin,Maria-Antonia,Jose,Filippo,Femke,Mirek,Laila
Ruth,Monica,Betty,Tsuneo,Anne,Carl,Dietmar,Consuelo,Estelle,Gianni,Ed,Edward,Kenneth
Janet,Isabel,Adam,Ippu,Joshua,Kim,Roswitha,Aitor,Jennifer,Gabriele,Leon,Gabriela,Ruth
Cheryl,Osvaldo,Craig,Kuniko,Fred,Nick,Hartmut,Celia,Evelyne,Guido,Angela,Krzysiek,Jennie
Nicholas,Valdir,Janice,Miyoshi,Connie,Gordon,Annemarie,Domingo,Josette,Elisa,Loes,Igor,Pernilla
Laura,Tatiane,Louis,Tomio,Leslie,Andrea,Sylvia,Cesar,Elodie,Adriana,Bob,Sylwester,Gunvor
Claire,Emerson,Amy,Nobuo,Frances,Jack,Christoph,Alfredo,Pierrette,Giulia,Joop,Zbyszek,Gudrun
Kathy,Mauro,Stephane,Norio,Bonnie,Alexander,Oliver,Mariano,Carole,Graziella,Henny,Norbert,Axel
Gavin,Jean,Sean,Kun,Rick,Frank,Erna,Martina,Anthony,Umberto,Jasper,Basia,Gert
Caroline,Wagner,Norman,Masato,Shannon,Wayne,Margot,Aurora,Paulette,Domenica,Bram,Lech,Sofie
Deborah,Sebastiana,Tina,Hiroaki,Dale,Kerry,Stephan,Ainhoa,Audrey,Tiziana,Charlotte,Aga,Ali
Carolyn,Wesley,Nick,Misako,Katherine,Suzanne,Hans-Joachim,António,Fabienne,Carmine,Rianne,Lucyna,Rune
Dan,Adilson,Jonathan,Michio,Wendy,Carole,Albert,Alex,Marie-France,Marcello,Nick,Jola,Britt-Marie
Josh,Eliana,Danielle,Mamoru,Sara,Rosemary,Daniel,Emilia,Louise,Assunta,Cindy,Milena,Sebastian
Danielle,Celia,Roy,Mayumi,Tom,Joanna,Ludwig,Esperanza,Romain,Simona,Klaas,Wies_aw,Ellen
Jodie,Janaina,Anthony,Hisae,Doris,Luke,Reinhold,Lourdes,Antonio,Luigia,Steven,Kacper,Tord
Vanessa,Eva,Yvon,Ho,Alice,Tina,Detlef,Sebastian,Genevieve,Enzo,Sabine,Peter,Therese
Annette,Gilmar,Walter,Yoichi,Carlos,Emily,Iris,Vanesa,Suzanne,Valentina,Marlies,Piotrek,Alexandra
Denise,Rosana,Irene,Mikio,Lawrence,Lynn,Alexandra,Lucas,Fabien,Rocco,Lisa,Slawek,Tina
Andrea,Caio,Neil,Hideki,Martin,Sam,Katja,Felipe,Adrien,Leonardo,Leonie,Angelika,Margit
Jeremy,Milton,Gail,Kazuhiko,Peggy,Shaun,Margret,Juan-Francisco,Camille,Annamaria,Koen,Bozena,Ylva
Malcolm,Marli,Marilyn,Kenichiro,Ron,Arthur,Astrid,Adriana,William,Giuliano,Annemieke,Micha,Ebba
Dale,Jair,Elaine,Harumi,Rose,Audrey,Adolf,Elisa,Nadia,Gino,Gerda,Wieslaw,Max
Suzanne,Carolina,Bernard,Shinobu,Benjamin,Betty,Anne,Iker,Angelique,Cinzia,Lisette,Eliza,Erika
Doug,Katia,Maurice,Tokiko,Jamie,Frederick,Margit,Maria-Soledad,Damien,Piero,Tessa,Karina,Irene
Jill,Marilene,Sylvie,Hideaki,Arthur,Tim,Sven,Xavier,Maryse,Dario,Sonja,Antoni,Oskar
Rodney,Helio,Bonnie,Misao,Bill,Kathryn,Marlies,Milagros,Sabrina,Alfredo,Thijs,Miko_aj,Sanna
Patricia,Gilson,Henry,Tomie,Sue,Hayley,Reiner,Maria-Cristina,Jacky,Gianluca,Nienke,John,Ewa
Melanie,Benedita,Kenneth,Keiji,Aaron,Melanie,Steffen,Gema,Bertrand,Claudia,Jack,Józef,Ola
Paula,Daiane,Shawn,Takayuki,Jacqueline,Janice,Helene,Josefina,Jocelyne,Giulio,Susan,Sandra,Carin
Danny,Andressa,Albert,Masatoshi,Emily,Sophie,Julia,Virginia,Odette,Renzo,Annette,Remigiusz,Oscar
Ashley,Cristina,Rose,Shuichi,Ralph,Sue,Axel,Begoña,Marion,Emanuela,Tamara,Sabina,Markus
Damien,Jonas,Shelley,Jiro,Matt,Jill,Carmen,Albert,Muriel,Michela,Evelien,Tom,Britta
Katrina,Caroline,Sheila,Masahiko,Victor,Teresa,Ilona,Rodrigo,Marie-Claude,Adriano,Jose,Emil,Charlotte
Marie,William,Joyce,Michiyo,Sean,Samuel,Eberhard,Purificacion,Frederique,Sara,Arie,Pawe,Dennis
Judith,Daniele,Glen,Masanori,Roy,Frances,Torsten,Diana,Emmanuelle,Massimiliano,Marije,Ukasz,Linus
Max,Valeria,Caroline,Yoshiyuki,Kathryn,Jayne,Heiko,Victor-Manuel,Maxime,Rosario,Stephanie,Ula,Annelie
Troy,Joel,Valerie,Ryoichi,Norma,Doris,Hedwig,Jose-Ignacio,Marie-Joseph,Silvano,Heleen,Bogus_aw,Tony
Shaun,Elza,Derek,Sho,Evelyn,Beverley,Sebastian,Marco,Liliane,Federico,Daan,Mikolaj,Viktor
Trish,Elisangela,Simon,Yuichi,Jeremy,Hazel,Kai,Gemma,Yvon,Nadia,Anke,David,Jeanette
Lorraine,Tania,Erin,Tamiko,Luis,Terry,Jan,Estefania,Herve,Gennaro,Jo,Paula,Linn
Tracy,Alessandro,Ashley,Keiichi,Ray,Norman,Kathrin,Maria-Belen,Michelle,Liliana,Kevin,Martin,Pontus
Nigel,Barbara,Christian,Chiyo,Albert,Katherine,Mario,Belen,Herv,Cosimo,Eline,Diana,Gustaf
Gordon,Fabiano,Rita,Ritsuko,Jill,Rita,Thorsten,José,Cedric,Loredana,Arno,Wanda,Richard
Dennis,Celso,Christopher,Kazumi,Elaine,Gareth,Antje,Magdalena,Marie-Claire,Armando,Danielle,Aldona,Maj-Britt
Jonathan,Adao,Harold,Asako,Rita,Jessica,Jochen,Vanessa,Fatima,Emanuele,Vera,Malwina,Linnéa
Lindsay,Denise,Tanya,Chiharu,Phyllis,Robin,Lieselotte,Paloma,Ginette,Cesare,Miriam,Janina,Maja
Joseph,Erica,Carl,Shin,Samuel,Clive,Olaf,Araceli,Vanessa,Federica,Daniel,Jurek,Ove
Jon,Alan,Colleen,Kazuyoshi,Cathy,Alice,Anni,Tamara,Luc,Tommaso,Alexander,Andrew,Tom
Kathryn,Irene,Darlene,Toshihiko,Shawn,Lynne,Dorothea,Laia,Marina,Raffaella,Renate,Jagoda,Ernst
Joshua,Silvio,Dawn,Eiwa,Jay,Marion,Waldemar,Lorenzo,Michael,Ida,Annemiek,Zuzanna,Rickard
Katie,Sára,Jackie,Chie,Ken,Zoe,Yvonne,Emma,Sabine,Manuela,Nancy,Eugeniusz,Ingegerd
Tania,Renan,Sam,Uigo,Joanne,Sara,Hilde,Gregorio,Cecile,Mirella,Pascal,Zenon,Jörgen
Edward,Izabel,Christina,Katsuo,Sheila,Donald,Alois,Esteban,Micheline,Emilio,Karen,Julita,Joel
Noel,Luan,Brent,Sumie,Sherry,Harry,Hans-Peter,Vicenta,Benjamin,Donato,Michelle,Zdzis_aw,Alice
Charles,Edilson,Nathalie,Kazuyo,Monica,Marjorie,Ingo,Rebeca,Lucie,Sebastiano,Sjoerd,Alex,Helen
Lesley,Roseli,Trevor,Rishi,Bryan,Kirsty,Konrad,Borja,Fanny,Lidia,Denise,Boguslaw,Eivor
Pauline,Jeferson,Ted,Tetsuya,Beth,Debbie,Carsten,Arturo,Jean-Francois,Maddalena,Ger,Izabella,Jonathan
Damian,Luciene,Gerard,Bunyu,Russell,Ryan,Gerlinde,Elvira,Eliane,Lina,Lotte,Nina,Madeleine
Diane,Reinaldo,Glenn,Tsuyoshi,Nicholas,Beryl,Martha,Asuncion,Cyrille,Ciro,Margriet,Wioleta,Mohammad
Shannon,Sabrina,Matt,Senri,Brandon,Russell,Bruno,Matilde,Gabriel,Alfonso,Irma,Wiktoria,Aina
Deb,Fabricio,Jéssica,Yo,Gail,Josephine,Lydia,Mireia,Marcelle,Sandro,Ans,Adriana,Anna-Karin
Natasha,Ivan,Lorraine,Shuji,Suzanne,Phillip,Agnes,Soledad,Marlene,Sabrina,Paula,Adrianna,Kajsa
Simone,Augusto,Harry,Yoshitaka,Jackie,Ashley,Rüdiger,Maria-Paz,Marie-Laure,Donatella,Ilona,Wlodzimierz,Filip
Pam,Orlando,Annie,Shigemi,Louis,Douglas,Stephanie,Juan-Luis,Yvonne,Walter,Kirsten,Jozef,Gösta
Joel,Willian,Rachel,Kikuko,Michele,Albert,Friedhelm,Pau,Pauline,Emilia,Margreet,Elbieta,Roland
Erin,Severina,Jamie,Kozo,Philip,Oliver,Tobias,Almudena,Severine,Antonina,Pim,Paul,Jennifer
Julia,Alberto,Carole,Kazuyuki,Dana,Henry,Nadine,Remedios,Sarah,Sonia,Daphne,Romuald,Bert
Renee,Fatima,Dean,Miki,Wanda,Francis,Heidrun,Cristobal,Jean-Philippe,Vittoria,Mandy,Oskar,Rebecca
Leonie,Isabela,Dorothy,Kei,Phillip,Lauren,Marco,Valeria,Beatrice,Annunziata,Jeffrey,Helena,Mia
Les,Michele,Maureen,Mariko,Alex,Anita,Armin,Trinidad,Marguerite,Elio,Maartje,Albert,Victor
Tina,Nair,Colin,Katsuhiko,Erin,Phil,Ines,Mateo,Therese,Dino,Pauline,Violetta,Börje
Debra,Diogo,Diana,Man,Victoria,Jenny,Alfons,Nieves,Jeanine,Agostino,Hennie,Tatiana,Lilian
Maree,Yasmin,Sherry,Mie,Crystal,Mandy,Edeltraud,Natividad,Matthieu,Pier,Anton,Mark,Niclas
Mandy,Margarida,Kathleen,Fujiko,Ellen,Gavin,Olga,Jaume,Laura,Danilo,Frits,Iga,Olle
Harry,Cecilia,Darren,Yumi,Howard,Jeremy,Winfried,Francesc,Charlotte,Angelina,Susanne,Lukas,Annica
Eric,Moises,Rejean,Mube,Danny,Bernard,Rudi,Noemi,Raymonde,Sandra,Thea,Ala,Matilda
Rachael,Tatiana,Pam,Yoneko,Julia,Georgina,Erhard,Ariadna,Gregory,Nicoletta,Brigitte,Elwira,Pierre
Murray,Roberta,Murray,Satoru,Tiffany,Christina,Else,Aaron,Marie-Jeanne,Marta,Simon,Zdzislaw,Moa
Annie,Livia,Carolyn,Machiko,Rhonda,Cheryl,Britta,Tania,Jean-Christophe,Felice,Eveline,Michalina,Evy
Lucy,Walter,Chantal,Toshihiro,Carmen,Lynda,Marita,Jon,Marie-Therese,Eleonora,Han,Ada,Tore
Sandy,Ademir,Tara,Masashi,Irene,Jon,Vera,Isaac,Jonathan,Fernando,Natasja,Luiza,Linnea
Kellie,Vilma,Benoit,Yoshinobu,Renee,Danielle,Max,Eugenio,Armelle,Isabella,Marielle,Mieczys_aw,Signe
Sophie,Neusa,Isabelle,Eiyu,Harry,Rachael,Gabi,Ascension,Francine,Renata,Arjen,Greg,Annette
Penny,Josiane,Arthur,Kiku,Lois,Diana,Marina,Noa,Nelly,Ugo,Rik,Irek,Christoffer
Rhonda,Edmilson,Paula,Yasushi,Eugene,Debra,Viktor,Adela,Marie-Hélène,Corrado,Tanja,Grzesiek,Jan-Erik
Joy,Ivone,Jerry,Yu,Jon,Stanley,Carola,Jonathan,Aline,Ernesto,Annet,Chris,Anna-Lena
Lynne,Sandro,Rebecca,Shizuo,Glenn,Allan,Rosa,Carlota,Marine,Pierina,Menno,Mi_osz,Rasmus
Geoffrey,Edvaldo,Bev,Ichi,Valerie,Natasha,Egon,Eric,Etienne,Clara,Ruben,Thomas,Mohamed
Timothy,Kelly,Teresa,Yoshihiko,Billy,Leanne,Luise,Jessica,Daniele,Rosalia,Joris,Franciszek,Sarah
Anita,Isabella,Lise,Hatsumi,Chad,Karl,Charlotte,Aitana,Lucienne,Lino,Guido,Kate,Susanna
Kristy,Everton,Justin,Nobuyuki,Bobby,Vera,Ewald,Joel,Stéphane,Ivana,Renee,Miros_awa,Lars-Erik
Katherine,Gisele,Normand,Suzuko,Rosa,Liam,Sieglinde,German,Emile,Marianna,Andrea,Oliwia,Jakob
Derek,Gerson,Pauline,Naoko,Allen,Matt,Andre,Felisa,Alice,Ornella,Stephan,Lena,Marita
Shirley,Ailton,Tracey,Katsuji,Brad,Gerald,Diana,Christian,Virginie,Alessio,Carolien,Seweryn,Conny
Hayley,Karina,Philip,Hana,Joann,Florence,Ellen,Rafaela,Florent,Silvio,Jeannette,Bernard,Fanny
Kay,Rubens,Ralph,Sayoko,Danielle,Joe,Klaus-Dieter,Valentina,Ali,Fausto,Wil,Rafa,Lotta
Hannah,Evandro,Leslie,Takahiro,Lauren,Jeffrey,Franziska,Mohammed,Carlos,Adele,Jelle,Gabriel,Sune
Garry,Neuza,Todd,Kinuko,Joel,Leonard,Herta,Sergi,Ahmed,Flavio,Melanie,Malgosia,Torbjörn
Maureen,Osmar,Ross,Tamae,Anita,Julian,Bianca,Abel,Jean-Baptiste,Rosina,Lieke,Wies_awa,Gertrud
Daryl,Enzo,Mária,Tatsuko,Jimmy,Jo,Jakob,Leire,François,Iolanda,Roland,Janek,Agnes
Narelle,Lorena,Connie,Chikako,Jesse,Kay,Harry,Amalia,Ghislaine,Carolina,Brenda,Zosia,Helene
Janine,Bernardo,Theresa,Mizuho,Laurie,Evelyn,Karlheinz,Mikel,Frédéric,Romano,Arnold,Ma_gosia,Sigrid
Yvonne,Nilton,Anita,Hideyuki,Darlene,Antony,Kirsten,Asier,Huguette,Ferdinando,Sophie,Kris,Annie
Toni,Rosilene,Carmen,Ikuo,Doug,Elsie,Veronika,Miquel,Mathilde,Eugenio,Arthur,Rahul,Ulla-Britt
Patrica,Valmir,Jacqueline,Akihiro,Katie,Gladys,Elvira,Luz,Anne-Sophie,Enrica,Agnes,Kaja,Doris
Naomi,Nilson,Al,Kimiyo,Sylvia,Edith,Annegret,Izan,Mario,Marcella,Sharon,Waldek,Martina
Bronwyn,Lara,Sara,Seiko,Willie,Edna,Karsten,Valentin,Loic,Diego,Marga,Blazej,Brita
Leah,Lourdes,Gerry,Sumi,Nathan,Nathan,Florian,Amelia,Agnes,Annalisa,Matthijs,Sara,Tim
Kym,Pablo,Barb,Kengo,Carrie,Phyllis,Käthe,Adolfo,Samuel,Irene,Gijs,Richard,Philip
Diana,Cicera,Lindsay,Hajime,Veronica,Vanessa,Claus,Lara,Florian,Gina,Jenny,Alexander,Veronica
Jess,Geralda,Francis,Masaharu,Megan,Winifred,Hans-Dieter,Ainara,Marie-Madeleine,Attilio,Harm,Sonia,Jacob
Gail,Vania,Danny,Tsuneko,Pat,Lilian,Frieda,Barbara,Carine,Valeria,Jennifer,Hania,Angelica
Darryl,Mayara,Grace,Basshi,Kyle,Ellen,Lisa,Dario,Gislaine,Mara,Kelly,Maksymilian,Jim
Clare,Marcela,Monique,Takeko,Barry,Stacey,Achim,María,Jeremy,Marino,Sarah,Witek,Kaj
Colleen,Milena,Audrey,Miyako,Ana,Alexandra,Eugen,Ernesto,Fernand,Agnese,Ivo,Marcelina,Johnny
Jackie,Veronica,Crystal,Emi,April,Hilary,Irma,Leonor,Sébastien,Elvira,Marjon,Szczepan,Ann-Charlotte
Victoria,Eunice,Cynthia,Matsue,Sally,Marc,Edgar,Elisabet,Kevin,Biagio,Janine,Lucjan,Ann-Marie
Pamela,Selma,Roland,Tsuyako,Antonio,Rose,Ina,Iñigo,Marie-Pierre,Ezio,Huub,Marysia,Jon
Kerrie,Aparecido,Ed,Naoki,Sam,Annette,Sascha,Ramona,Jean-Charles,Saverio,Yvette,Bogumi_a,Sture
Joan,Angelica,Natalie,Sennen,Louise,Gail,Eduard,Mariana,Aurore,Piera,Walter,Zygmunt,Ahmed
Melinda,Ingrid,Marlene,Katsue,Alicia,Iris,Marlene,Unai,Juliette,Ilaria,Evert,Marianna,Josefin
Bryan,Elizabeth,Yvonne,Masanobu,Stacy,Carolyn,Patrick,Ester,Solange,Graziano,Elly,Milosz,Bodil
Rosemary,Mária,Doris,Kyu,Manuel,Victor,Ramona,Moises,Elie,Bianca,Ren,Czes_aw,Mathias
Gerard,Vanderlei,Bryan,Tatsumi,Vincent,Jeanette,Brunhilde,Gabriela,Marie-Fran,Calogero,Edith,Juliusz,Mary
Will,Eduarda,Patrícia,Gaku,Amber,Ben,Theresia,Bruno,Arlette,Ada,William,Laura,Staffan
Robin,Conceicao,Grant,Shigeki,Rodney,Ross,Mathias,Gustavo,Georgette,Augusto,Margot,Honorata,William
Jacqueline,Nathalia,Dana,Kyo,Dean,Ernest,Heidemarie,Federico,Alexis,Ettore,Lianne,Kornelia,Marina
Jacqui,Lilian,Alice,Shoken,Norman,Martyn,Marc,Judith,Simon,Simonetta,Rita,Regina,Gun-Britt
Raymond,Giovanna,Leo,Hiroki,Terri,Veronica,Nina,Isidro,Patrícia,Santo,Ina,Ernest,Gunhild
Marcus,Otavio,Benjamin,Mutsuko,Nick,Duncan,Uta,Gerardo,Elise,Michelina,Niek,Mieczyslaw,Frank
Roy,Cesar,Vincent,Kenzo,Vicki,Jackie,Theo,Alexandra,Sylviane,Ignazio,Karel,Oksana,Josefine
Laurie,Valter,Gaetan,Mitsuyo,Sandy,Lorna,Marcus,Ahmed,Malika,Rossella,Merel,W_odzimierz,Olov
Stacey,Lais,Claire,Yasuyuki,Jesus,Maurice,Sabrina,Gerard,Edouard,Rina,Desiree,Marcel,Mohammed
Hugh,Juliano,Lloyd,Mineko,Jorge,Grace,Adelheid,Guadalupe,Murielle,Pierluigi,Stef,Liliana,Vera
Neville,Murilo,Michele,Fujio,Leonard,Abdul,Guido,Leticia,Gaelle,Remo,Joep,Roksana,Samuel
Fred,Sophia,Lawrence,Kazunori,Stanley,Aaron,Lars,Sheila,Edith,Alessia,Cynthia,Eryk,Svea
Kathleen,Hugo,Gord,Hanako,Pam,Bryan,Hanna,Ruth,Marianne,Nunzia,Hilde,Wiola,Iris
Dianne,Angelo,Sylvia,Kyoko,Gina,Hilda,Rene,Carmelo,Lucette,Italo,Lilian,Anka,Curt
Sara,Israel,Real,Yae,Melanie,Sonia,Franz-Josef,Jennifer,Raphael,Rosalba,Louis,Julian,Tove
Carl,Iracema,Sandy,Masayo,Charlotte,Justin,Anette,Bernardo,Maryline,Emma,Lia,Borys,Nathalie
Lynda,Jonathan,Jill,Tomoe,Johnny,Joy,Gertraud,Benito,Irene,Rossana,Christel,Gerard,Dick
Jean,Josue,Katherine,Tatsuya,Jan,Alfred,Eckhard,Joaquina,Karim,Tiziano,Henri,Alan,Jane
Tara,Manuel,Robt,Satoko,Holly,Marilyn,Marga,Oriol,Anna,Natale,Robbert,Bart,Johannes
Lynette,Danielle,Phil,Sumio,Gene,Annie,Verena,Omar,Cindy,Santa,Melissa,Patrick,Kenth
Marc,Erika,Leonard,Jun,Francis,Theresa,Gottfried,Lola,Rose,Ivano,Max,Wladyslaw,Victoria
Alice,Valdeci,Rob,Fusae,Annette,Reginald,Jana,Israel,Jessica,Serena,Guus,Olaf,Sören
Mel,Cleonice,Marion,Katsuyoshi,Stacey,Stewart,Arno,Berta,Valérie,Olga,Kitty,Bogna,Mari
Norman,Neide,Aaron,Ikuko,Curtis,Harold,David,Cecilia,Germaine,Alfio,Hugo,Jowita,Ella
Henry,Alzira,Kyle,Katsuhiro,Yvonne,Iain,Jun,Estrella,Christopher,Carmen,Christine,Judyta,Ann-Britt
Gillian,Nicolas,Emily,Rie,Marvin,Eleanor,Magdalena,Judit,Céline,Lucio,Janny,Kalina,Rebecka
Elaine,Janete,Kerry,Kinue,Eileen,Dan,Dietrich,Aroa,Dimitri,Benito,Elise,Christopher,Klara
Julian,Cleide,Lee,Katsuyuki,Mildred,Olive,Philipp,Pere,Stéphanie,Mariangela,Erna,Eva,Marie-Louise
Brent,Arnaldo,Patrica,Iwao,Maureen,Violet,Burkhard,Helena,Victor,Fulvio,Sebastiaan,Marina,Elsie
Cindy,Pamela,Monica,Yoshiro,Colleen,Melissa,Berthold,Pol,Reine,Milena,Nina,Irina,Ahmad
Rose,Brenda,Samantha,Michi,Jeanne,Dominic,Irina,Candela,Deborah,Fiorella,Lars,Olgierd,Torsten
Tamara,Arlindo,Rhonda,Ryo,Regina,Ali,Corinna,Miren,Valentin,Agata,Ralph,Irmina,Ronny
Bradley,Leila,Jose,Kiyoji,Travis,Norma,Eva-Maria,Petra,Dorothee,Edoardo,Marina,Elena,Irma
Irene,Marinalva,Philippe,Mikiko,Miguel,Mavis,Evelyn,Kevin,Erwan,Martina,Harold,Inga,Mikaela
Samuel,Alfredo,Stacey,Iwa,Grace,Vincent,Klara,Mar,Nadege,Mariano,Fleur,Marika,Inga-Lill
Jade,Mirian,Joel,Miyuki,Ernest,Muriel,Tatjana,Pascual,Micka,Livio,Koos,Amit,Glenn
Alexandra,Sarah,Lynda,Hisayoshi,Dolores,Danny,Wilma,Eloy,Anne-Laure,Ivan,Roger,Jack,Ann-Sofie
Janelle,Cintia,Victoria,Yoshihisa,Kay,Bob,Elena,Juliana,Linda,Fernanda,Laurens,Czeslaw,Nicklas
Ali,Jaime,Evelyn,Setsuko,Kristen,Lawrence,Gaby,Maria-Magdalena,Max,Vita,Luc,Bogus_awa,Sylvia
Kirsty,Hilda,Jocelyn,Yoshimitsu,Earl,Jim,Friedel,Rosalia,Cathy,Ines,Lisanne,Magorzata,Elisabet
Charlie,Heloisa,Stan,Etsuo,Francisco,Howard,Arnold,Arnau,Maud,Valerio,Jacques,Wlodek,Evelina
Trent,Marcus,Bruno,Shunichi,Erica,Jan,Mechthild,Carles,Said,Nunzio,Rogier,Mirka,Jonny
Beth,Erick,Debra,Masakatsu,Mario,Garry,Judith,Paola,Yolande,Raffaela,Julia,Alexandra,Asta
Jake,Edivaldo,Rod,Zenbi,Carla,Vicky,Emma,Agustina,Adeline,Susanna,Conny,Max,Anne-Marie
Mathew,Ester,Jay,Hidemi,Claudia,Shane,Heide,Soraya,Marie-Paule,Dante,Eddy,Tamara,Ester
Monica,Valdemar,Sonia,Yachiyo,Troy,Clifford,Gerald,Sérgio,Gisele,Beatrice,Gerben,Wac_aw,Diana
Shelley,Wanderson,Jenny,Isao,Lorraine,Mohammad,Theodor,Jonatan,Rachid,Marilena,Marjo,Klaudiusz,Greta
Nicola,Nivaldo,Howard,Kiichi,Kristin,Graeme,Hans-Georg,Elsa,Marie-Anne,Orazio,Dorien,Sergiusz,Benny
Lachlan,Alcides,Jeremy,Akihiko,Randall,Walter,Karola,Erika,Fernando,Gianna,Jacob,Bohdan,Kevin
Joanna,Ismael,Victor,Hatsu,Samantha,Ivy,Marcel,Roger,Magalie,Ennio,Coen,Lucas,Rose-Marie
Jay,Cleiton,Eva,Kazuya,Tara,Bridget,Artur,Iñaki,Katia,Elsa,Silvia,Bernadeta,Per-Olof
Zoe,Zilda,Dianne,Michie,Yolanda,Maxine,Jennifer,Maria-Francisca,Jérôme,Letizia,Jurgen,Czarek,Ann-Christin
Grace,Elizabete,Lorne,Tadayoshi,Marc,Lewis,Emil,Antoni,Ingrid,Egidio,Anne-Marie,Matylda,Anja
Allison,Joelma,Tyler,Shodai,Eddie,Lindsay,Therese,Adoracion,Mohammed,Giampaolo,Debbie,Agnes,Christopher
Sonia,Isadora,Carrie,Matsu,Joy,Monica,Ralph,Nora,Marie-Helene,Aniello,Alexandra,Ana,Lillemor
Leon,Nilza,June,Yasuhiko,Jacob,Stella,Klaus-Peter,Lluis,Martin,Giampiero,Suzan,Margaret,Felicia
Bev,Breno,Vanessa,Shigeyuki,June,Joshua,Tina,Víctor,Marthe,Natalina,Harrie,Arleta,Lovisa
Felicity,Joyce,Megan,Makiko,Juanita,Cynthia,Fred,Aida,Henriette,Veronica,Aad,Bogumi_,Tage
Heidi,Samara,Alison,Mitsugi,Marjorie,Glenn,Gustav,Nadia,Véronique,Ivo,Alice,Oleg,Paula
Brenda,Damiao,Bernie,Mitsuhiro,Josh,Holly,Edmund,Estela,Laetitia,Arturo,Hetty,Gregory,Harriet
Jeffrey,Michelle,Norma,Mitsueda,Jenny,Marian,Sarah,Maite,Francisco,Guglielmo,Lydia,Franciszek,Clas
Bernie,Lourival,Shane,Tokuko,Annie,Marcus,Marie,Matias,Martial,Valentino,Gert-Jan,Kate,Kristian
Carmel,Cleber,Francine,Yasumi,Marcia,Kimberley,Maik,Adam,Quentin,Lorena,Sjaak,Miros_awa,Gunborg
Teresa,Raphael,Ivan,Keizo,Angel,Jade,Isolde,Bartolome,Natacha,Mattia,Natascha,Oliwia,Göte
Brooke,Moacir,Doreen,Toshiharu,Natalie,Tanya,Lore,Elias,Eugene,Benedetto,Debby,Lena,Carolina
Karl,Teresinha,Krista,Shunji,Vanessa,Guy,Ferdinand,Eugenia,Marie-Rose,Giorgia,Trudy,Seweryn,Karolina
Todd,Miriam,Graham,Yasue,Allison,Geraldine,Paula,Fermin,Justine,Virginia,Corine,Bernard,Kristoffer
Jeanette,Jackson,Jean-Guy,Miho,Audrey,Lindsey,Jessica,Óscar,Mohamed,Loris,Willy,Rafa,Krister
Denis,Heitor,Johanne,Tsuru,Heidi,Christian,Bodo,Benjamin,Joaquim,Amalia,George,Gabriel,Ingvar
Alexander,Alisson,Jen,Shizu,Bradley,Naomi,Ronald,Adria,Hervé,Amedeo,Olga,Malgosia,Andrea
Jacob,Luciane,Jody,Chikara,Edwin,Penelope,Eleonore,Naiara,Barbara,Rodolfo,Rutger,Wies_awa,Emilia
Christian,Vagner,Jessica,Goro,Ted,Denis,August,Alonso,Mauricette,Cosima,Carola,Janek,Inge
Marilyn,Clarice,Deborah,Fuji,Brent,Hugh,Kornelia,Marcelino,Pierre-Yves,Nicolo,Christian,Zosia,Lilly
Jen,Lidia,Allison,Fuku,Eva,Chloe,Waltraut,Maria-Consuelo,Perrine,Marzia,Mario,Ma_gosia,Thi
Bernadette,Carmen,Russell,Teishi,Ruby,Gwendoline,Benjamin,Jimena,Remy,Moreno,Sven,Kris,Folke
Liam,Jairo,Holly,Kikuo,Frederick,Gloria,Hans-Werner,Leo,Marie-Ange,Antonello,Monica,Rahul,Jonna
Guy,Iraci,Garry,Yukiyo,Roberta,Leigh,Steffi,Guillem,Aude,Mariella,Erica,Kaja,Magdalena
Glenda,Yuri,Judith,Fukumi,Jeanette,Nancy,Mathilde,Oliver,Lydia,Cristian,Renske,Waldek,Dag
Veronica,Alexsandro,Manon,Miharu,Melvin,Ray,Dennis,Elisabeth,Cécile,Mirko,Hester,Blazej,My
Douglas,Lucilene,Annette,Tome,Rosemary,Jodie,Maren,Macarena,Miguel,Irma,Carmen,Sara,Hampus
Duncan,Regiane,Deb,Kinu,Alexander,Geoff,Björn,Yaiza,Hugues,Santina,Hendrik,Richard,Gabriella
Travis,Lucimar,Jordan,Teruyo,Esther,Gregory,Liane,Alexander,Morgane,Gianluigi,Samantha,Alexander,Charlotta
Michele,Sheila,Peggy,Ryuichi,Ricky,Laurence,Dorothee,Aina,Ludivine,Valter,Jannie,Sonia,Rikard
Peta,Dalva,Ellen,Atsuko,Alfred,Daphne,Thea,Tatiana,Tony,Ermanno,Luuk,Hania,Olga
Nikki,Sofia,Renee,Kimio,Derek,Muhammad,Felix,Sílvia,Aurélie,Flavia,Freek,Maksymilian,Roy
Tammy,Marisa,Mathieu,Tokumi,Marion,Dale,Regine,Mara,Dani,Marinella,Henriette,Witek,Felix
Di,Celio,Helene,Umeko,Ronnie,Rodney,Willy,Rita,Marie-Odile,Pierino,Joey,Marcelina,Elias
Alicia,Talita,Kate,Shori,Tommy,Nicole,Annett,Joana,Armand,Alba,Christa,Szczepan,Lars-Göran
Christina,Liliane,Yvan,San-Nan,Oscar,Glen,Elsbeth,Ferran,Geraldine,Cristiano,Ingeborg,Lucjan,Erica
Gregory,Emilly,Gloria,Takayoshi,Marlene,Ken,Manuel,Patrícia,Gabrielle,Maura,Nynke,Marysia,Sabina
Jordan,Jailson,Lucie,Fumiyo,Ben,Abigail,Leo,Saul,Ana,Damiano,Lex,Bogumi_a,Gabriel
Angus,Maicon,Beth,Masataka,Melinda,Bernadette,Mike,Marti,Gaston,Katia,Helen,Zygmunt,Patrick
Donald,Marilia,Ali,Kazuaki,Darrell,Katy,Hugo,Aurelio,Remi,Sante,Christiaan,Marianna,Frans
Janice,Suely,Frances,Megumi,Angie,Nina,Henning,Ander,Regine,Loretta,Ramon,Milosz,Ivan
Kris,Alvaro,Gaston,Yuzo,Lillian,Esther,Sibylle,Eulalia,Marjorie,Cecilia,Henry,Czes_aw,Rita
Ivan,Juarez,Jeffrey,Matsuo,Courtney,Alistair,Gert,El,Joao,Osvaldo,Van,Juliusz,Ragnhild
Arthur,Valdemir,Ernest,Atsumi,Loretta,Freda,Marie-Luise,Enric,Hélène,Christian,Mireille,Laura,Carola
Mitchell,Eliene,Wanda,Showa,Jaime,Eva,Patricia,Amaia,Françoise,Primo,Louise,Honorata,Ingemar
Kenneth,Filipe,Alexander,Mihoko,Tonya,Cyril,Frauke,Jacinto,John,Stella,Ali,Kornelia,Yngve
Owen,Iara,Penny,Yoji,Gordon,Michele,Roman,Juan-Pablo,Maryvonne,Ferruccio,Marjolijn,Regina,Albin
Rohan,Rosane,Jean-Pierre,Tokio,Clarence,Bruce,Wolfram,Leyre,Thi,Amelia,Mary,Ernest,Henry
Marion,Clara,Fernand,Miwako,Bernard,Ethel,Pia,Leonardo,Noel,Rosetta,Annie,Mieczyslaw,Christel
Libby,Mara,Sophie,Akie,Josephine,Katrina,Sybille,Amanda,France,Flora,Edward,Oksana,Kristin
Dylan,Dayane,Natasha,Morio,Tamara,Ralph,Margrit,Herminia,Mathias,Nello,Victor,W_odzimierz,Josef
Dawn,Armando,Lois,Yone,Christy,Charlie,Berta,Erik,Regis,Alice,Mohamed,Marcel,Karl-Erik
Virginia,Giovana,Warren,Junji,Herbert,Agnes,Simon,Olivia,Carmen,Costantino,Gea,Liliana,Clara
Bianca,Tamires,Eileen,Yoshimasa,Charlene,Shelley,Oskar,Marco-Antonio,Renaud,Vanda,Wilco,Roksana,Mohamad
Vincent,Ivo,Kimberly,Eiko,Arlene,Philippa,Gregor,Abraham,Rachel,Gilberto,Maud,Eryk,Vanja
Kaye,Charles,Carla,Katsunori,Shane,Ivan,Kristina,Africa,Norbert,Serafina,Emma,Wiola,Ibrahim
Lance,Andreza,Leanne,Tsune,Dave,Greg,Brigitta,Xabier,Cédric,Gioacchino,Janet,Anka,Ted
Cassandra,Isaias,Gilbert,Mine,Pedro,Lily,Gunter,Gorka,Thibault,Aurelio,Heidi,Julian,Christine
Stewart,Lidiane,Jon,Shinya,Pauline,Janine,Karla,Armando,Renee,Orlando,Gerrie,Borys,Tor
Courtney,Artur,Katie,Izumi,Vivian,Tara,Gabriela,Itziar,Paule,Catia,Jacco,Gerard,Allan
Jenni,Italo,Lynne,Shingyo,Warren,Carly,Liselotte,Saray,Antoinette,Lorenza,Naomi,Alan,Siri
Ronald,Ivonete,Chad,Yasunori,Eleanor,Peggy,Marlis,Eduard,Claudette,Mirco,Floris,Bart,Harry
Ted,Jane,Earl,Hirokazu,Jeffery,Sian,Juliane,Jos,Alfred,Edda,Stefanie,Patrick,Elsy
Bernard,Teresa,Charlene,Matsuko,Gladys,Edwin,Ingeburg,Juan-Ignacio,Amelie,Diana,Hein,Wladyslaw,Kari
Ellen,Franciele,Karl,Tsuya,Geraldine,Francesca,Timo,Roman,Andree,Sebastiana,Rolf,Olaf,Sven-Erik
Jarrod,Kaua,Alfred,Homare,Brett,Adele,Tim,Enriqueta,Jean-François,Camillo,Nadine,Bogna,Catharina
Vince,Lazaro,Angie,Wataru,Edith,Penny,Margitta,Youssef,Gilberte,Gaspare,Rachel,Jowita,Urban
Len,Amelia,Eugene,Yoshiki,Tanya,Toni,Kay,Eusebio,Leila,Arnaldo,Paulien,Judyta,Oliver
Corey,Edilene,Allen,Kiyoharu,Glen,Beatrice,Josefine,Francisco-Jesus,Edmond,Giordano,Willemijn,Kalina,Jan-Olof
Frances,Nayara,Joy,Shinshi,Becky,Barrie,Elmar,Jeronimo,Alex,Erminia,Helma,Christopher,Olivia
Evan,Sidney,Stuart,Tami,Vickie,Nichola,Ludger,Blas,Olivia,Nino,Lonneke,Eva,Per-Erik
Chloe,Odete,Lucy,Setsuo,Emma,Vivienne,Miriam,Damian,Yoann,Arianna,Leen,Marina,Viktoria
Olivia,Ruth,Darryl,Nao,Deanna,Mohamed,Beatrix,Aleix,Abdelkader,Battista,Nelleke,Irina,Edit
Brenton,Karen,Leah,Hiroe,Carole,Grant,Meike,Victoriano,Baptiste,Gemma,Rien,Olgierd,Joanna
Gemma,Rebeca,Alexandre,Yukihiro,Ricardo,Megan,Arthur,Iris,Rodolphe,Lorella,Charles,Irmina,Marta
Jacinta,Elizangela,Dominique,Jinan,Roberto,Carla,Ursel,Said,Mehdi,Luigino,Andrew,Elena,Dagny
June,Karla,Dominic,Kokki,Shelly,Ahmed,Valentina,Iria,Yvan,Rosella,Jeanette,Inga,Petter
Meg,Claudinei,Josee,Kunihiko,Toni,Kayleigh,Ulla,Piedad,Sylvia,Donata,Marit,Marika,Ingeborg
Georgina,Raul,Therese,Mitsuyoshi,Penny,Nikki,Ida,Aranzazu,Rosa,Martino,Ferry,Amit,Svante
Victor,Washington,Nathan,Shingo,Marsha,Mick,Clemens,Justo,Gérard,Girolamo,Floor,Jack,Ellinor
Jesse,Eder,Jean-Francois,Hakubun,Hector,Ricky,Heribert,Isidoro,Aicha,Viviana,Carin,Czeslaw,Isabelle
Sonya,Michel,Gabriel,Toshimi,Edna,Louisa,Jasmin,Ane,Karima,Teresina,Toon,Bogus_awa,Elna
Josephine,Agnaldo,Terri,Hisaeda,Patty,Warren,Walburga,Yeray,Roselyne,Matilde,Katja,Magorzata,Emmy
Bec,Gilvan,Hugh,Mitsuru,Florence,Sidney,Edwin,Julen,Fatiha,Rachele,Sabrina,Anna,Ingegärd
Lynn,Ademar,Ginette,Kohei,Jessie,Gerard,Ali,Maria-Esperanza,Luis,Luana,Barry,Tomasz,Ana
Gabrielle,Sidnei,Sebastien,Keisuke,Duane,Harriet,Albrecht,Edgar,Farid,David,Bea,Marcin,Ann-Mari
Sylvia,Odair,Gina,Tsukasa,Leon,Vicki,Hella,Mirian,Rose-Marie,Michelangelo,Ine,Krzysztof,André
Maggie,Almir,Shelly,Takumi,Tyler,Heidi,Henry,Elizabeth,Aurelien,Benedetta,Betty,Katarzyna,Beatrice
Kerri,Suzana,Adrian,Kazumasa,Neil,Constance,Magdalene,Meritxell,Peggy,Sabina,Roelof,Agnieszka,Berndt
Clive,Everaldo,Nadine,Mutsumi,Brittany,Jay,Heiner,Neus,Fatma,Ruggero,Truus,Joanna,Jerry
Des,Eliete,Pascal,Masamitsu,Tracey,Leon,Edelgard,Florentina,Jules,Eva,Roos,Magdalena,Ingalill
Brendon,Cleusa,Les,Kushiro,Caroline,Damian,Doreen,Santos,Jean-Bernard,Erika,Antoinette,Andrzej,Ralf
Ashleigh,Manuela,Phyllis,Masakazu,Glenda,Janette,Mark,Dionisio,Anais,Bartolomeo,Ernst,Marek,Isabella
Val,Elisabete,Kathryn,Minako,Jerome,May,Linda,Alma,Christel,Anita,Vanessa,Maciej,Viola
Vicky,Emanuel,Stanley,Nobuhiro,Casey,Allison,Maike,Gines,Samir,Romeo,Wesley,Grzegorz,Elvy
Marg,Michael,Jean-Paul,Sakiko,Charlie,Faye,Ella,Gregoria,Mustapha,Ottavio,Jeanine,Robert,Hannah
Howard,Diana,Antonio,Chizuru,Leroy,Jeff,Carolin,Teodoro,Marie-Line,Nazzareno,Yolanda,Monika,Hassan
Kelvin,Victoria,Georges,Takehiko,Lloyd,Fred,Nadja,Rachid,Marie-Annick,Adolfo,Philip,Adam,Hjördis
Susie,Denilson,Arlene,Shingi,Rafael,Desmond,Leonhard,Candido,Fred,Rolando,Sara,Ewa,Ann-Christine
Kimberley,Emilia,Harvey,Yasuyo,Kerry,Nora,Helena,Aurelia,James,Nunziata,Joan,Jacek,Catarina
Casey,Ruan,Amber,Kayo,Chuck,Patrica,Ulf,Khadija,Marie-Jose,Angiolina,Willeke,Wojciech,Alma
Leao,Ezequiel,Nicolas,Koko,Dianne,Rosalind,Natalie,Vera,Samira,Cristiana,Marijn,Marta,Morgan
Warwick,Vanda,Darrell,Matsumi,Wesley,Tom,Dora,Jan,Paulo,Achille,Claire,Mariusz,Alex
Justine,Paloma,Cory,Mika,Alma,Mathew,Edda,Florencio,Samia,Oreste,Amanda,Pawel,Elena
Rita,Olga,France,Isami,Calvin,Olivia,Elsa,Carme,Marius,Livia,Adrie,Michal,Alva
Kirsten,Nadir,Nadia,Kiyotaka,Karl,Neville,Nikolaus,Merce,Blandine,Severino,Gertjan,Micha_,Eva-Lena
Georgia,Allan,Lorna,Nobue,Delores,Gill,Eveline,Jairo,Régis,Patrizio,Jan-Willem,Pawe_,Heidi
Dominic,Jussara,Nicholas,Katsuya,Clara,Marlene,Hiltrud,Montse,Claudie,Emiliano,Rebecca,Karolina,Dagmar
Sharyn,Juan,Lesley,Noriyuki,Jo,Helena,Hermine,Candida,Anita,Fortunato,Maureen,Dariusz,Maj-Lis
Hamish,Joice,Gregory,Ryoji,Marcus,Thelma,Raimund,Álvaro,Clement,Giovannina,Gaby,Artur,Michaela
Alistair,Rosalina,Heidi,Misa,Raul,Belinda,Mandy,Lydia,Marie-Francoise,Linda,Elisabeth,Aleksandra,Ann-Kristin
Mal,Rejane,Florence,Hideho,Lucille,Noel,Adam,Roser,Tristan,Vera,Oscar,Jakub,Helge
Therese,Ivanildo,Déborah,Daisuke,Sonia,Jordan,Dominik,Desiree,Manon,Pia,Olaf,Mateusz,Lisbet
Carole,Marlon,Josh,Haruyo,Kurt,Kieran,Lotte,Emiliano,Lucile,Tullio,Mariette,Dorota,Lars-Åke
Amber,Ines,Alexandra,Yuri,Clifford,Owen,Helma,Ali,Arthur,Vilma,Onno,Jan,Åse
Roslyn,Tais,Curtis,Hidenori,Thelma,Alastair,Alice,Violeta,Thibaut,Pierangelo,Nicky,Beata,Fatima
Jayne,Josias,Pamela,Kotaro,Jody,Will,Margarethe,Alexis,Kamel,Fiorenzo,Pierre,Justyna,Marika
Lawrence,Karine,Lucien,Tetsuro,Guadalupe,Brendan,Ilka,Robert,Marielle,Cesarina,Nicolette,Barbara,Jarl
Jodi,Elton,Martha,Nami,Christian,Lydia,Mehmet,Sagrario,Lise,Miriam,Johanna,Agata,Mustafa
Beverley,Ramon,Edith,Chitose,Corey,Michaela,Ronny,Simon,Brice,Arcangelo,Martien,Ma_gorzata,Patricia
Betty,Natanael,Blair,Ryuji,Phil,Jake,Friederike,Eneko,Johan,Aurora,Nel,Kamil,Katja
Eddie,Elisa,Lauren,Utako,Ramon,Nicky,Lorenz,Caridad,Elsa,Sauro,Priscilla,Lukasz,Ann-Louise
Allen,Alexandra,Len,Shogo,Lucy,Glyn,Esther,Claudio,Paula,Raimondo,Hannie,Iwona,Ing-Marie
Ingrid,Humberto,Geoff,Shinichiro,Olga,Derrick,Detlev,Ramiro,Jean-Noël,Filippa,Teun,Kasia,Natalie
Holly,Catarina,Samuel,Toshimitsu,Ruben,Max,Viola,Elia,Rebecca,Gianpaolo,Reinier,Bartosz,Omar
Nina,Isaac,Vicki,Kazutoshi,Erik,Louis,Natalia,Abril,Steven,Italia,Bjorn,Daniel,Inez
Fran,Denis,Val,Hirofumi,Theodore,Jose,Alex,Serafin,Yamina,Alvaro,Berry,Zbigniew,Leila
Gina,Ryan,Troy,Hachiro,Leah,Dianne,Karen,Faustino,Naima,Cataldo,Deborah,Paulina,Carl-Johan
Drew,Marly,April,Koto,Sherri,Toby,Annelies,Amaya,Gerald,Morena,Ruth,Jerzy,Måns
Iain,Claudete,Beverly,Gishi,Kristina,Ruby,Edeltraut,Maximo,Pedro,Rossi,Bernard,Janusz,Amir
Carly,Patrick,Cameron,Noriaki,Erika,Leah,Karina,Esmeralda,Lynda,Lara,Vivian,Magda,George
Gareth,Raissa,Sally,Riichi,Gabriel,Siobhan,Irmtraud,Fidel,Gildas,Ambrogio,Dominique,Sebastian,Saga
Kyle,Valdomiro,Marco,Toshiro,Javier,Lyn,Annerose,Manel,Clément,Lucrezia,Shirley,Rafal,Inga-Britt
Gerry,Valdecir,Tamara,Hiroo,Al,Jemma,Sen,Ian,Edwige,Pierpaolo,Maikel,Maria,Margot
Caitlin,Angelina,Jean-Claude,Gogatsu,Jodi,Herbert,Cordula,Agueda,Eddy,Germano,Mariëlle,Sylwia,Jonatan
Geraldine,Afonso,Karine,Aya,Constance,Juliet,Nils,Maria-Fernanda,Benedicte,Camilla,Emiel,Rafa_,Lars-Olof
Rosie,Luisa,Laurent,Tomomi,Nina,Vivien,Lena,Jesús,Rolande,Felicia,Margo,Karol,Sophie
Col,Telma,Jodi,Shigenobu,Dustin,Jessie,Janine,Jacobo,Eva,Leone,Cora,Malgorzata,Hugo
Oliver,Ellen,Ben,Mutsuo,Irma,Brett,Rosi,Marian,Omar,Guerrino,Nadia,Arkadiusz,Arvid
Ralph,Carmem,Patti,Shuku,Fernando,Moira,Fabian,Igor,Moussa,Giacomina,Karlijn,Aneta,Jari
Monique,Adalberto,Olga,Junko,Andy,Celia,Caroline,Joaquim,Mária,Norma,Marie,Natalia,Madelene
Jillian,Celina,Carlos,Tokuo,Bertha,Marina,Volkmar,Vega,Peter,Augusta,Stijn,Izabela,Sam
Rex,Dirce,Dany,Takemi,Adrian,Gina,Carina,Joseba,Mamadou,Enza,Twan,Damian,Tanja
Blake,Kauan,Art,Eini,Bernice,Miriam,Gerold,Irina,Nora,Manuel,Jean,Konrad,May
Clint,Jacqueline,Darcy,Itsuko,Alvin,Roland,Tamara,Maria-Ines,Fernande,Pino,Rens,Leszek,Helga
Alana,Arlete,Martine,Hanae,Marian,Rosie,Oswald,Candelaria,Aime,Germana,Jim,Szymon,Barbara
Kieran,Luzinete,Brandon,Maki,Kristi,Lillian,Jörn,Jose-Andres,Gaetan,Savino,Peggy,_ukasz,Charles
Mario,Cassia,Dwayne,Satsuki,Patsy,Enid,Lina,Andreu,Mélanie,Mafalda,Casper,Ania,Mimmi
Valerie,Yasmim,Jesse,Fujie,Allan,Jillian,Benno,Mustapha,Corine,Leonarda,Carlo,Jolanta,Ing-Britt
Jenna,Jandira,Deanna,Kaori,Jordan,Gaynor,Susann,Enzo,Annette,Albino,Corina,Renata,Iréne
Clinton,Zelia,Genevieve,Hisashi,Kent,Judy,Annelie,Amador,Jorge,Bernardo,Arnoud,Ewelina,Adrian
Angie,Rosimeire,Jean-Marc,Fukuko,Denni,Justine,Christof,Gisela,Dany,Fabiana,Tiny,Dawid,Benjamin
Cath,Darci,Jeanne,Shigeharu,Leo,Bradley,Jacqueline,Rogelio,Johanna,Adelina,Adri,Ryszard,Isak
Nancy,Geni,Marjorie,Toshiichi,Lindsay,Syed,Laura,Adelina,Jimmy,Sofia,Daisy,Tomek,Helén
Charlotte,Valdirene,Robyn,Issei,Shelley,Melvyn,Sophie,Ion,Zohra,Clelia,Bastiaan,Alicja,Jack
Ricky,Daiana,Gwen,Kunihiro,Brandy,Stefan,Evelin,Michael,Karen,Paolina,Kristel,Kamila,Janne
Albert,Rodolfo,Esther,Hidetoshi,Rene,Isabel,Elli,Ezequiel,Melissa,Mariagrazia,Milou,Jaros_aw,James
Amelia,Oscar,Vince,Hitomi,Vernon,Simone,Grete,Alexandre,Christele,Andreina,Ester,Edyta,Michelle
Kristen,Suelen,Júlia,Koichiro,Sheryl,Nadia,Lucia,John,Hugo,Piergiorgio,Johannes,Wojtek,Lasse
Erica,Emily,Brett,Natsuko,Lewis,Lloyd,Toni,Nayara,Laurie,Romana,Eelco,Roman,Elina
Dorothy,Geovana,Nelson,Yuriko,Kate,Jennie,Sergej,Luciano,Mourad,Libera,Gerry,Dominika,Ritva
Robbie,Rayane,Ghislain,Takara,Gilbert,Jenna,Mirko,Eloisa,Brahim,Licia,Ricardo,Jaroslaw,Georg
Marty,Josimar,Patrice,Masafumi,Molly,Katharine,Antonio,Felicidad,Marie-Noelle,Orietta,Diane,Marzena,Joachim
Jasmine,Monique,Emma,Masuo,Patti,Pearl,Engelbert,Biel,Geoffrey,Regina,Jeanne,Dominik,Hilda
Heath,Elizete,Joanna,Mitsuho,Bobbie,Imran,Lilli,Maria-Gracia,Jean-René,Mariarosaria,Jochem,Urszula,Angela
Mitch,Airton,Sabrina,Akiyoshi,Lydia,Sophia,Hans-Jörg,Teodora,André,Oscar,Adriaan,Adrian,Lukas
Tiffany,Valentina,Lionel,Kanji,Miriam,Yasmin,Maximilian,Consolacion,Noelle,Alda,Bernadette,Patrycja,Laura
Maurice,Gislaine,Timothy,Sei,Lance,Molly,Christopher,Tomasa,Pierrick,Romina,Kimberley,Tadeusz,Liselotte
Jennie,Clovis,Claudette,Kinuyo,Jared,Tania,Marko,Marcelo,Gael,Gloria,Ankie,Przemys_aw,Kalle
Ros,Romario,Ana,Mitsutoshi,Ed,Lynsey,Heinz-Dieter,Azucena,Auguste,Lisa,Moniek,Jarek,Rigmor
Carmen,Maycon,Andy,Takami,Alison,Kyle,Vanessa,Salma,Ronan,Onofrio,Jordy,Kinga,Harald
Rowan,Elvira,Marg,Shohei,Margie,Josh,Xaver,Anabel,Rachida,Serafino,Patty,Waldemar,Sami
Stan,Ariane,Vivian,Masatsugu,Lynne,Antonio,Annika,Ildefonso,Romuald,Erminio,Erika,El_bieta,Samir
Pat,Laercio,Vicky,Shizuyo,Lindsey,Alec,Emmi,Nestor,Béatrice,Giampietro,Sandy,Patryk,Marko
Lloyd,Lucio,Corey,Kiyoe,Lynda,Joel,Hans-Ulrich,Alexia,Frank,Elia,Lies,Aleksander,Fred
Carla,Vilmar,Veronica,Naomi,Gayle,Beth,Hans-Josef,Adelaida,Rémi,Emílio,Job,Olga,Gunn
Jody,Olivia,Jake,Tomohiro,Billie,Olga,Antonia,Leandro,Bastien,Oronzo,Remko,Witold,Rosa
Chelsea,Roque,Clarence,Genshi,Hazel,Mabel,Boris,Julião,Farida,Giusy,Brian,Przemyslaw,Janet
Kurt,Waldemar,Lillian,Toshikazu,Darren,Jonathon,Wiebke,Hortensia,Marie-Dominique,Virgilio,Nikki,Bartek,Paulina
Gloria,Iolanda,Brigitte,Toshinori,Ethel,Monika,Inga,Delia,Ernest,Annarita,Lucas,Danuta,Juan
Rhys,Claudemir,Pâmela,Takanori,Edgar,Kelvin,Rosmarie,Benita,Willy,Dora,Egbert,Krystyna,Marja
Cassie,Keila,Charlotte,Moto,Patrica,Steve,Liesel,Jana,Jeanne-Marie,Fulvia,Alfred,Maciek,Birger
Janette,Shirley,Clement,Komei,Cecilia,Eunice,Mustafa,Toni,Fatoumata,Lia,Amber,Bogdan,Elly
Francis,Amaro,Maggie,Suzue,Wilma,Micheal,Juergen,Nil,Juan,Giacinto,Veronique,Slawomir,Maryam
Gayle,Nicole,Calvin,Yasuji,Claire,Anne-Marie,Uschi,Arantxa,Albertine,Leda,Fons,Hanna,Matts
Smith,Oswaldo,Jacob,Hiromitsu,Max,Virginia,Heinz-Jürgen,Yasmina,Germain,Luisella,Wout,Filip,Leo
Trudy,Melissa,Arnold,Nobuaki,Maurice,Lyndsey,Birgitt,Jenifer,Jackie,Wanda,Mathijs,Teresa,Karina
Eva,Ednaldo,Max,Ryozo,Joanna,Jacqui,Gunda,Marisol,Emeline,Romolo,Andr,Ola,Nicole
Meredith,Jurandir,Víctor,Chiyono,Dee,Charlene,Hendrik,Paco,Diane,Salvo,Rudy,Cezary,Gerda
Cliff,Edgar,Marina,Takaji,Ian,Ron,Margareta,Maribel,Dalila,Gregorio,Nanda,Darek,Evert
Billy,Joseane,Noel,Ikken,Beatrice,Daisy,Hermann-Josef,Luna,Jéssica,Giannina,Aart,Margaret,Natalia
Evelyn,Juraci,Agnes,Kami,Floyd,Emmanuel,Helmuth,Irati,Loïc,Vincenzina,Jerry,Arleta,Therése
Bill,Rosiane,Leon,Ki,Georgia,Allen,Enrico,Modesto,Olga,Ilario,Corrie,Bogumi_,Tuula
Reg,Evelyn,Kristen,Kotobuki,Mitchell,Pam,Lidia,Edurne,Johann,Pasqualino,Jet,Oleg,Zahra
Kath,António,Mohamed,Naoto,Derrick,Nadine,Hans-Günter,Zaira,Khadija,Eduardo,Emmy,Gregory,Lucas
Jonathon,Djalma,Sherri,Masue,Cassandra,Aimee,Viktoria,Yago,Anne-Claire,Pio,Sam,Franciszek,Majvor
Bridget,Edinaldo,Elena,Toyo,Maxine,Cathy,Hans-Hermann,Filomena,Lauriane,Eliana,Elizabeth,Kate,Margaretha
Cherie,Lauro,Lyle,Ikuyo,Sergio,Ivor,Knut,Estibaliz,Amina,Fiorenza,Wilfred,Miros_awa,Jill
Prue,Mariane,Jessie,Shoi,Andre,Wilfred,Erik,Luca,Henry,Vanna,Loek,Oliwia,Jean
Karin,Poliana,Joshua,Terue,Maryann,Avril,Gernot,Nazaret,Frdric,Beniamino,Maurits,Lena,Ludvig
Rory,Noemia,Jimmy,Yoshikatsu,Kirk,Fatima,Jenny,Hassan,Lisa,Celeste,Hilda,Seweryn,Susan
Jimmy,Divino,Camille,Yusuke,Eduardo,Ana,Dörte,Alícia,Jérémy,Delia,Elke,Bernard,Nadia
Anton,Gabrielle,Mohammad,Tokuji,Priscilla,Fay,Marta,Flora,Freddy,Denis,Douwe,Rafa,Ture
Terri,Cosme,Rodney,Asami,Misty,Felicity,Natascha,Lina,Emma,Elide,Helga,Gabriel,Anna-Lisa
Theresa,Silvania,Cecile,Taro,Clyde,Rebbecca,Marian,Reyes,Mylene,Venera,Noortje,Malgosia,Fritz
Walter,Domingas,Daryl,Koki,Kris,Isobel,Nico,Angelica,Boris,Efisio,Tony,Wies_awa,Ronja
Joyce,Geovane,Travis,Shokichi,Cory,Sebastian,Hans-Heinrich,Florentino,Agnès,Samuele,Jolien,Janek,Mahmoud
Marian,Kleber,Gisele,Kosei,Kristine,Noreen,Heino,Josue,Aurélien,Otello,Emile,Zosia,Matti
Adele,Salvador,Vera,Namiko,Faye,Elena,Sigrun,Liliana,Jeannette,Ubaldo,Natalie,Ma_gosia,Jan-Åke
Andre,Edmar,Stella,Kosaku,Karla,Billy,Ottmar,Fabian,Annabelle,Vanessa,Madelon,Kris,Else
Jessie,Marilda,Sheri,Tsuguo,Stuart,Marianne,Kristin,Angela-Maria,Suzy,Raffaello,Arend,Rahul,Nancy
Marianne,Ilda,Julien,Kokichi,Nora,Elisabeth,Peggy,Ricard,Fouad,Emidio,Coby,Kaja,Uno
Nicky,Damiana,Reg,Itsuo,Armando,Jacob,Nicola,Natália,Raoul,Fortunata,Daniëlle,Waldek,Mathilda
Lois,Genivaldo,Manuel,Tomoyuki,Guy,Sydney,Janina,Eladio,Víctor,Giancarla,Myrthe,Blazej,Nadja
Loretta,Romulo,Nina,Tadayuki,Felicia,Ada,Denise,Regina,Marie-Noël,Gigliola,Christina,Sara,Claudia
Hans,Edite,Tiffany,Yoshifumi,Zachary,Maggie,Grit,Aicha,Djamila,Consiglia,Mascha,Richard,Hedvig
Toby,Glaucia,Clare,Kazushi,Sheri,Kathy,Vladimir,Paulino,Roseline,Sabino,Wilbert,Alexander,Ethel
Elise,Richard,Roxanne,Torao,Dora,Callum,Wilhelmine,Mauro,Yohann,Tina,Martha,Sonia,Anna-Maria
Eileen,Catia,Shaun,Kenjiro,Vera,Damien,Arne,Micaela,Betty,Albina,Hanny,Hania,Mark
Karina,Valdete,Mona,Fukuju,Margarita,Erica,Hubertus,Fernanda,Astrid,Floriana,Carina,Maksymilian,Mårten
Lou,Jhonatan,Geo,Takuya,Kristy,Claudia,Otmar,Vasile,Stphane,Peter,Birgit,Witek,Ronnie
Shayne,Taina,Bert,Kin,Harvey,Amelia,Klemens,Cayetano,Margot,Noemi,Sietske,Marcelina,Carlos
Genevieve,Dirceu,Marian,Sanzendai,Sabrina,Rosemarie,Eric,Naima,Alexia,Costanza,Werner,Szczepan,Mika
Ash,Aurea,Maxime,Toshi,Darryl,Rory,Traute,Mariona,Julia,Jacopo,Jeanet,Lucjan,Peder
Tristan,Rayssa,Julia,Chiaki,Katrina,Sheena,Svenja,Constantino,Cynthia,Carlotta,Otto,Marysia,Ivar
Kara,Valquiria,Bernice,Shizuka,Belinda,Colette,John,Dolors,Anne-Lise,Debora,Herma,Bogumi_a,Katrin
Dee,Jonatas,Trish,Bunya,Julio,Spencer,Helge,Ingrid,Youssef,Tarcisio,Mart,Zygmunt,Ragnar
Hayden,Maiara,Ruby,Mashiko,Arnold,Madeleine,Emilie,Marcelina,Morgan,Leopoldo,Marten,Marianna,Sophia
Tess,Cassio,Marianne,Masumi,Brandi,Johanna,Hartwig,Mariam,Jocelyn,Giada,Alie,Milosz,Boel
Larry,Junior,Edwin,Shuzo,Ramona,Clair,Willibald,Monserrat,Nabil,Clemente,Regina,Czes_aw,Daniela
Claudia,Norma,Frederic,Kentaro,Marianne,Norah,Käte,Emílio,Benoît,Gianpiero,Eduard,Juliusz,Nora
Faye,Creuza,Eleanor,Soichi,Alejandro,Mervyn,Gitta,Yanira,Clarisse,Santino,Rinus,Laura,Minna
Wade,Mariza,Edna,Chika,Herman,Les,Evi,Aya,Chloé,Lamberto,Riet,Honorata,Hannes
Gerald,Wallace,Clifford,Hikari,Olivia,Neal,Roger,Avelino,Agathe,Ercole,Carlijn,Kornelia,Sven-Olof
Judi,Lindomar,Jo,Matsueda,Kelli,Rupert,Elfi,Celestino,Ibrahim,Aurelia,Isabelle,Regina,Ulrica
Nadia,Evaldo,Rosemary,Toyoji,Roland,Carrie,Rosel,Juan-Andres,Sara,Virginio,Francis,Ernest,Kenny
Marlene,Gabrielly,Cliff,Kinichi,Leticia,Eddie,Anna-Maria,Muhammad,Marie-Antoinette,Gisella,Tonny,Mieczyslaw,Tyra
Yvette,Itamar,Malcolm,Tomoaki,Blanca,Nellie,Gertraude,Iago,Stanislas,Duilio,Daniël,Oksana,Hussein
Leslie,Vivian,Sheldon,Teizo,Milton,Agnieszka,Mareike,Ibai,Gwenaelle,Demetrio,Juliette,W_odzimierz,Suzanne
Lucas,Isabelly,Fran,Hatsuo,Rich,Marcia,Magda,Jorge-Luis,Séverine,Vittorino,Ralf,Marcel,Ann-Sofi
Angelo,Fabiola,Germain,Tadaaki,Ross,Glenys,Susan,Samira,Mikael,Miranda,Andries,Liliana,Marit
Charmaine,Alana,Kirk,Shotaro,Monique,Martha,Alwin,Fuensanta,Lucas,Adelaide,Timo,Roksana,Liselott
Tricia,Vilson,Bertrand,Seki,Luz,Tammy,Giesela,Gheorghe,Clara,Monia,Huib,Eryk,Miriam
Fay,Kaio,Kris,Taku,Marty,Lynette,Isabel,Aritz,Sandy,Brigida,Geertje,Wiola,Pirjo
Georgie,Rosemeire,Mel,Tetsuji,Lester,Ella,Hanni,Paulina,Jack,Rossano,Jaco,Anka,Göta
Suzie,Inacio,Micheline,Yukari,Franklin,Terrence,Resi,Visitacion,Jeremie,Alberta,Aukje,Julian,Luis
Helena,Adailton,Hans,Shoko,Brooke,Georgia,Klaudia,Saturnino,Grégory,Quinto,Audrey,Borys,Gulli
Jude,Ivanete,Kent,Yoshihide,Maggie,Giles,Ottilie,Martha,Van,Giambattista,Tjeerd,Gerard,Samira
Marina,Edison,Muhammad,Akinori,Isabel,Cecilia,Falk,Ioan,Rudy,Silvestro,Stan,Alan,Susann
Lara,Gabriella,Angelo,Shigeji,Elena,Piotr,Tino,Jesica,Mariama,Brunella,Toine,Bart,Timo
Lea,Carmelita,Jocelyne,Bito,Alfredo,Alma,Rebecca,Dylan,Tatiana,Sabatino,Elena,Patrick,Erna
Maxine,Isabelle,Lyne,Tadakazu,Alberto,Daryl,Gunnar,Josu,Jean-Noel,Fausta,Sigrid,Wladyslaw,Patric
Nadine,Iris,Beverley,Kame,Gwendolyn,Colleen,Siegrid,Alan,Axel,Vittorina,Jesse,Olaf,Goran
Lindy,Fabiane,Henri,Seishi,Nelson,Andre,Josefa,Imanol,Maite,Vasco,Manuela,Bogna,Kai
Sheree,Lindalva,Wade,Kikuno,Naomi,Darryl,Joerg,Nacho,Isabel,Alma,Nelly,Jowita,Said
Margie,Juliane,Phillip,Chiyomi,Bridget,Carmen,Andrej,Rosana,Clotilde,Sabato,Ada,Judyta,Leena
Rowena,Rute,Marvin,Tamaki,Ivan,Raj,Hilmar,Gaspar,Amélie,Giacoma,Froukje,Kalina,Mariam
Deanne,Leidiane,Armand,Yuka,Vicky,Tomasz,Gunther,Idoia,Rodrigue,Ruggiero,Romy,Christopher,Selma
Philippa,Sirlene,Celine,Shigeaki,Candace,Marta,Hilda,Coral,Alban,Alois,Rosanne,Eva,Muhammad
Sheryl,Irineu,Lana,Takaaki,Dwight,Edmund,Julian,Ainoa,Robin,Palmira,Rein,Marina,Irina
Mat,Agenor,Perry,Shigetoshi,Lonnie,Lara,Kevin,Rufino,Amar,Antimo,Ted,Irina,Abdul
Jared,Alaide,Ernie,Etsu,Nikki,Terri,Bernadette,César,Josephine,Liana,Ana,Olgierd,Piotr
Con,Jesus,Liz,Gijin,Melody,Susanne,Bianka,Pepe,Jean-Guy,Lea,Marlou,Irmina,Eila
Bryce,Jeane,Roberta,Ine,Robyn,Isabella,Svetlana,Fabiola,Ghislain,Daniel,Will,Elena,Sari
Dallas,Adelia,Mandy,Shintaro,Ida,Yvette,Ingolf,Azahara,Pierre-Jean,Gaia,Justin,Inga,Teresa
Damon,Deise,Evan,Haruno,Yvette,Glynis,Henriette,Khalid,Djamel,Tatiana,Diny,Marika,Adnan
Cynthia,Cleuza,Nicola,Tamio,Sonya,Eve,Tom,Paul,Rapha,Leandro,Jonathan,Amit,Elizabeth
Mervyn,Naiara,Guillaume,Yoshizo,Hilda,Corinne,Siegbert,Aimar,Jean-Pascal,Gavino,Corinne,Jack,Juha
Lorna,Saulo,Charlie,Seido,Susie,Trudy,Adele,Rayan,Hassan,Gen,Auke,Czeslaw,Per-Åke
Raelene,Ivete,Madeleine,Seizo,Enrique,Sharron,Heinz-Peter,Florencia,Michèle,Giuditta,Connie,Bogus_awa,Stephanie
Johnny,Madalena,Hong,Saeko,Cody,Mildred,Thilo,Virtudes,Lea,Gerardina,Marius,Magorzata,Heléne
Connie,Nadia,Kay,Toshigo,Joey,Alicia,Siegmund,Clemente,Hamid,Ersilia,Marcella,Anna,Catrin
Louis,Lucineide,Clayton,Ten,Reginald,Tessa,Constanze,Raimundo,Pascaline,Pietra,Isabel,Tomasz,Einar
Julianne,Cristian,Patty,Tomi,Kenny,Marcin,Sylke,Avelina,Leslie,Manlio,Valerie,Marcin,Toni
Penelope,Euclides,Candace,Joji,Natasha,Katarzyna,Galina,Fabio,Louisette,Fabiola,Jane,Krzysztof,Otto
Skye,Juvenal,Mohammed,Hiroji,Teri,Selina,Ria,Mireya,Eve,Serenella,Rosa,Katarzyna,Wilma
Antony,Eric,Jeanette,Tetsuko,Johnnie,Gerry,Jeanette,Andoni,Noemie,Natalino,Sacha,Agnieszka,Pelle
Maryanne,Waldir,Yvette,Kojiro,Stan,Glenda,Larissa,Triana,Margaux,Celestina,Lucia,Joanna,Amina
Stefan,Gabriele,Kimberley,Sawako,Kara,Annabel,Valentin,Mari,Abdallah,Concettina,Rudi,Magdalena,Cornelia
Roland,Sirlei,Ahmed,Waku,Felix,Ellie,Gundula,Gracia,Yasmina,Provvidenza,Harald,Andrzej,Vivi
Alastair,Quiteria,Trudy,Toshifumi,Dwayne,Magdalena,Ahmet,Genoveva,Stephan,Annita,Ronnie,Marek,Solvig
Kristie,Divina,Lina,Giwa,Arturo,Kerrie,Giuseppe,Lúcia,Marie-Reine,Danila,Lara,Maciej,Edvin
Tegan,Diva,Stewart,Masahide,Iris,Wesley,Klaus-Jürgen,Nagore,Halima,Evelina,Jolande,Grzegorz,Emilie
Nat,Nubia,Remi,Bibun,Betsy,Vivian,Karl-Josef,Zoe,Alphonse,Ernesta,Thom,Robert,Gunbritt
Eleanor,Rosilda,Gladys,Satomi,Jake,Lionel,Isabella,Basilio,Rita,Bernardino,Helene,Monika,Majken
Candice,Jennifer,Glenda,Ryuko,Agnes,Amber,Siglinde,Alexandru,Salima,Cira,Willemien,Adam,Gisela
Hilary,Maristela,Jeannine,Teiichi,Cesar,Kirsten,Annelore,Bernat,Andrea,Tamara,Joanne,Ewa,Liv
Lily,Jacira,Herbert,Kahoru,Ella,Mario,Konstantin,Salvadora,Line,Daria,Boudewijn,Jacek,Tarja
Karyn,Wanderley,Luke,Teiji,Evan,Ann-Marie,Ivan,Luz-Maria,Charline,Ermes,Cecile,Wojciech,Albert
Nic,Messias,Colette,Takae,Daryl,Royston,Gretel,Delfina,Manuela,Ignazia,Tina,Marta,Bill
Shawn,Frederico,Erika,Tokie,Cecil,Sabrina,Julius,Abdellah,Franois,Gualtiero,Marike,Mariusz,Seija
Dion,Elenice,Olivier,Tamago,Luke,Omar,Carla,Sabina,Salah,Secondo,Eefje,Pawel,Sonny
Esther,Elizeu,Duane,Hideyo,Stella,Dora,Karoline,Maria-Elisa,Sbastien,Nicolino,Jelmer,Michal,Hillevi
Renae,Marinete,Shauna,Kimi,Alexandra,Roderick,Dorit,Angelina,Priscilla,Olimpia,Hannah,Micha_,Britt-Inger
Chad,Altair,Conrad,Seiken,Juana,Val,Anett,Gael,Lilian,Gelsomina,Dorine,Pawe_,Anna-Carin
Susanne,Lucimara,Alvin,Tomiyo,Salvador,Angus,Lucie,Marisa,Frédérique,Gastone,Evelyn,Karolina,Britt-Mari
Marco,George,Jerome,Seiichiro,Elsie,Mel,Saskia,Iratxe,Marco,Paolino,Greetje,Dariusz,Elvira
Anne-Marie,Erivaldo,Leona,Hideji,Perry,Lucinda,Robin,Hilario,Júlia,Leo,Johnny,Artur,Lise-Lotte
Rae,Paola,Gillian,Katsuaki,Kari,Don,Rupert,Nahia,Coralie,Pietrina,Berend,Aleksandra,Josephine
Isaac,Nilda,Syed,Koei,Seth,Sadie,Betty,Patrocinio,Floriane,Loreta,Gemma,Jakub,Per-Anders
Christie,Rosineide,Courtney,Kiichiro,Gwen,Marco,Leni,Naia,Aminata,Nerina,Amy,Mateusz,Mario
Norma,Ivani,Chuck,Akihito,Janie,Gertrude,Wladimir,Sebastiana,Aymeric,Costa,Glenn,Dorota,Marco
Kerryn,Virginia,Rosa,Naoyuki,Marco,Lois,Hasan,Izaskun,Nancy,Oriana,Hanna,Jan,Ari
Cate,Rose,Brittany,Toshikatsu,Nathaniel,Miranda,Beatrice,Marcel,Alix,Alfonsina,Meike,Beata,Katarzyna
Dane,Expedito,Luis,Kasumi,Hugh,Vikki,Hinrich,Brian,Marilyne,Celestino,Corné,Justyna,Lars-Gunnar
Josie,Adriane,Hazel,Kuniaki,Jennie,Deirdre,Hertha,Feliciano,Esther,Gianpietro,Fiona,Barbara,Edith
Lucinda,José,Elsie,Shojiro,Taylor,Dee,Melitta,Davinia,Latifa,Rosangela,Marnix,Agata,Hasse
Marcia,Maura,Ingrid,Sueo,Traci,Ingrid,Ivonne,Mihaela,Ange,Isidoro,Norbert,Ma_gorzata,Charlie
Clayton,Carina,Stacy,Jika,Will,Beverly,Almut,Evaristo,Marie-Agnes,Maurizia,Benjamin,Kamil,Hasan
Nola,Ligia,Lucille,Tomokazu,Tricia,Myra,Christl,Amina,Salim,Giovan,Sjef,Lukasz,Markku
Sonja,Aldo,May,Misae,Julian,Jeanne,Benedikt,Maider,Raphaël,Marialuisa,Inez,Iwona,Kristofer
Rochelle,Alexandro,Kristina,Yasuaki,Byron,Ashleigh,Hanne,Segundo,Souad,Omar,Babette,Kasia,Khaled
Sebastian,Jailton,Simone,Kikuyo,Alexis,Melvin,Wolf-Dieter,Marcial,Tiphaine,Anselmo,Ella,Bartosz,Claes-Göran
Darrell,Esther,Corinne,Kyoichi,Neal,Khalid,Hagen,Malika,Rémy,Teodoro,Jill,Daniel,Joacim
Kayla,Margarete,Faye,Yoriko,Krista,Kristina,Adrian,Markel,Marinette,Oliviero,Dineke,Zbigniew,Krzysztof
Zac,Iago,Wes,Akiyo,Pete,Hollie,Marliese,Camilo,Mehmet,Mariateresa,Krista,Paulina,Eva-Britt
Miriam,Rosemary,Russ,Kaneo,Jimmie,Carlos,Swetlana,Abdelkader,Yan,Mariarosa,Jantine,Jerzy,Thord
Kristine,Doralice,Shawna,Kanae,Silvia,Kiran,Kathleen,Georgina,Victoria,Lido,Karina,Janusz,Sonia
Mohammed,Thalita,Gayle,Masaya,Hannah,Antonia,Birte,Oier,Joachim,Wilma,Selma,Magda,Marlene
Ana,Tainara,Wai,Shichiro,Clayton,Roberta,Joseph,Aurea,Houria,Libero,Kimberly,Sebastian,Raija
Elena,Hamilton,Marie-Claude,Mitsunori,Wade,Ursula,Hauke,Jean,Sylvette,Dolores,Britt,Rafal,Gullan
Morgan,Hellen,Lydia,Nobuhiko,Austin,Nicolas,Pascal,Justa,Elizabeth,Agostina,Mirella,Maria,Gull-Britt
Aimee,Anne,Nora,Ichisan,Meredith,Shazia,Hans-Gerd,Bilal,Géraldine,Eros,Belinda,Sylwia,Agnieszka
Eliza,Kaique,Muriel,Mori,Micheal,Miles,Isabell,Hicham,Teddy,Ottorino,Ida,Rafa_,Joseph
Crystal,Salete,Marty,Haruhiko,Roxanne,Jeannette,Egbert,Constantin,Anaïs,Fedele,Jules,Karol,Kennet
Niall,Lucineia,Edgar,Tadahiro,Ginger,Aidan,Siegmar,Eliseo,Giovanni,Fabrizia,Mia,Malgorzata,Filippa
Sheila,Anita,Kristin,Hideto,Mindy,Cecil,Alma,Brais,Chrystelle,Ermelinda,Wietske,Arkadiusz,Jaana
Kent,Raiane,Janine,Tokue,Chester,Cindy,Conny,Hamza,Ricardo,Fortuna,Marinus,Aneta,Eddie
Al,Eugenio,Jules,Kiyoka,Angelica,Surinder,Lukas,Alfonsa,Elisa,Giustina,Roeland,Natalia,Mariana
Vic,Ernesto,Anne-Marie,Sayuri,Adrienne,April,Adalbert,Fatiha,Jordan,Ilenia,Martina,Izabela,Per-Arne
Lewis,Adelaide,Derrick,Tsuruko,Tami,Angie,Denis,Florin,Lysiane,Arrigo,Ronny,Damian,Michel
Ellie,Patrícia,Jenna,Tokuei,Claude,Ibrahim,Heinz-Josef,Leopoldo,Soraya,Lauro,Rosalie,Konrad,Artur
Vivian,Zenaide,Loretta,Hama,Candice,Sandy,Luzia,Ayoub,Rabah,Rosita,Henriëtte,Leszek,Karl-Johan
Steph,Gloria,Toni,Kinji,Lou,Madeline,Hansjörg,Felipa,Valentine,Pellegrino,Remy,Szymon,Aino
Muhammad,Adelina,Tricia,Mineo,Rosemarie,Amina,Silvio,Dulce,Chloe,Giannino,Machteld,_ukasz,Vivan
Gabriel,Silmara,Lily,Riji,Leigh,Margery,Chris,Chloe,Lina,Doriana,Herbert,Ania,Siw
Margot,Wilma,Kurt,Kie,Raquel,Jerry,Christin,Laureano,René,Angelica,Elsbeth,Jolanta,Emily
Vera,Ari,Lance,Tamie,Doreen,Tariq,Ekkehard,Narciso,Yohan,Placido,Rina,Renata,Valborg
Micheal,Cristiana,Kayla,Mizue,Elmer,Aileen,Meta,Xavi,Salvatore,Micaela,Lian,Ewelina,Veronika
Annabel,Marcelino,Guylaine,Takiko,Deb,Kirstie,Corina,Ona,Wilfried,Angiolo,Julie,Dawid,Mehmet
Mohammad,Pietro,Candice,Shoichiro,Cristina,Camilla,Bastian,Palmira,Jérémie,Riva,Harmen,Ryszard,Beata
Bonnie,Caua,Johnny,Ryohei,Grant,Chantelle,Anika,Myriam,Kelly,Crescenzo,Fabian,Tomek,Alfred
Campbell,Lorenzo,Will,Hirotaka,Gregg,Jimmy,Imke,Debora,Gaëlle,Basilio,Sascha,Alicja,Sally
Jacquie,John,Isabel,Rikio,Donnie,Jody,Uli,Noel,Rui,Samantha,Edgar,Kamila,Sven-Åke
Carlos,Josilene,Marcia,Sai,Isaac,Martina,Guenter,Benigno,Elena,Robert,Monika,Jaros_aw,Tomasz
Cara,Eliza,Bradley,Hiroyasu,Kayla,Renee,Sofia,Maialen,Bénédicte,Lilia,Anthony,Edyta,Eva-Lotta
Rebekah,Joelson,Wilfred,Ryuzo,Marshall,Susannah,Ingelore,Brahim,Kheira,Ludovico,Larissa,Wojtek,Marija
Lydia,Agatha,Leigh,Katsutoshi,Adriana,Pawel,Kim,Jesusa,Emilienne,Gianmarco,Sjors,Roman,Torgny
Bobby,Leda,Aline,Shinkichi,Shaun,Rosina,Horst-Dieter,Inma,Abdou,Natalia,Ilja,Dominika,Aleksandra
Sophia,Romildo,Melvin,Taichi,Blake,Andreas,Ludmilla,Ursula,Ivan,Tito,Lennart,Jaroslaw,Ingvor
Glenys,Suellen,Drew,Motoko,Amelia,Bethany,Ariane,Obdulia,Berthe,Saveria,Fatima,Marzena,Jasmin
Rosalie,Roseane,Jeannette,Sono,Jeannie,Elliot,Friedrich-Wilhelm,Patricio,Carla,Savina,Ramona,Dominik,Kersti
Cam,Amauri,Frederick,Ryosuke,Antoinette,Clara,Rosina,Lorenza,Hakim,Adelmo,Ab,Urszula,Henning
Audrey,Edileuza,Fern,Shigemitsu,Pablo,Rod,Jeannette,Alina,Khalid,Marika,Magda,Adrian,Hans-Erik
Kane,Amarildo,Jean-Yves,Genji,Paulette,Michal,Ismail,Didac,Natalia,Crocifissa,Melvin,Patrycja,Sirpa
Roxanne,Priscilla,Cam,Toshiya,Shari,Manjit,Lilia,Mauricio,Kévin,Peppino,Gerald,Olaf,Tora
Jose,Magno,Paulette,Yasuharu,Mandy,Lucie,Wolf,Anton,Marylene,Iris,Ing,Bogna,Nils-Erik
Vivienne,Agostinho,Josephine,Shigeno,Gerardo,Cara,Salvatore,Marius,Steve,Lanfranco,Mathilde,Jowita,Van
Dad,Izaias,Chelsea,Natsuki,Omar,Asif,Ibrahim,Isidora,Judith,Cesira,Gina,Judyta,Erling
Callum,Dario,Glória,Tadaharu,Rudy,Rick,Bert,Anais,Clémence,Denise,Derk,Kalina,Aida
Taylor,Adelino,Erik,Yasukazu,Lena,Ida,Tilo,Rodolfo,Claudia,Marzio,Serge,Christopher,Per-Olov
Chantelle,Nathan,Veronique,Yoshiteru,Pearl,Sonya,Hannes,June,Saida,Igor,Mariëtte,Eva,Ralph
Rosa,Robert,Gino,Shigeyoshi,Whitney,Marek,Cäcilia,Bernardino,Clemence,Russo,Gerwin,Marina,Seppo
Hazel,Edimar,Joey,Kazutaka,Clinton,Zara,Moritz,Marcela,Jenny,Pierangela,Antoine,Irina,Ann-Katrin
Leeanne,Clayton,Cecil,Katsuichi,Gerard,Polly,Fatma,Mónica,Marie-Catherine,Nando,Toos,Olgierd,Riitta
Beau,Max,Fiona,Kumi,Kelley,Robyn,Igor,Karen,Sylvaine,Gustavo,Francien,Irmina,Jose
Ella,Alexsandra,Ida,Hironobu,Drew,Arnold,Susanna,Cecilio,Hocine,Giulietta,Jorrit,Elena,Nanna
Jo-Anne,Eli,Jean-Marie,Rieko,Rosie,Carmel,Nancy,Cayetana,Angela,Loreto,Lucy,Inga,Petri
Nguyen,Dulce,Lena,Fusao,Trevor,Janis,Irena,Anastasia,Samantha,Dorotea,Jordi,Marika,Gurli
Terence,Rui,Li,Shun,Bernadette,Priscilla,Hans-Otto,Nicole,Jamila,Ombretta,Carel,Amit,Denise
Laurence,Genival,Juan,Kanichi,Christie,Charmaine,Gisbert,Desamparados,Augustin,Mariuccia,Elvira,Jack,Ina
Corinne,Izaura,Bernadette,Ryoei,Gretchen,Jasmine,Nelli,Rachida,Johnny,Velia,Nora,Czeslaw,Pekka
Leonard,Judite,Sheryl,Akemi,Lynette,Cameron,Thekla,Pedro-Pablo,Kim,Ferrari,Marlous,Bogus_awa,Alicia
Dick,Dilma,Maxine,Tai,Noel,Tristan,Kirstin,Francesca,Marie-Josephe,Adamo,Trees,Magorzata,Chris
Miranda,Christian,Duncan,Yozo,Morgan,Vernon,Gesine,Glória,Geoffroy,Candida,Freddy,Anna,Fabian
Erika,Irani,Hilda,Shi,Jeannette,Amit,Marika,Ignasi,Sofiane,Giorgina,Ivonne,Tomasz,Malgorzata
Madeleine,Giovani,Nikki,Shigenori,Rex,Hassan,Sina,Karima,Flora,Amerigo,Anneloes,Marcin,Andrew
Raj,Roger,Lou,Kenkichi,Kendra,Eugene,Marius,Roque,Angelo,Graziana,Wanda,Krzysztof,Andrzej
Bree,Lavinia,Norm,Hiromichi,Hope,Amir,Nikolai,Malak,Nordine,Genoveffa,Raoul,Katarzyna,Hamid
Anthea,Albertina,Reginald,Taizo,Jacquelyn,Doug,Nora,Abdelaziz,Nina,Annibale,Jac,Agnieszka,Svetlana
Grahame,Genilson,Dustin,Kodo,Madeline,Sandeep,Steven,Yasmin,Léa,Lauretta,Christien,Joanna,Hkan
Moira,Levi,Emile,Fukue,Janis,Kellie,Sara,Virgínia,Marie-Andrée,Liberato,Dagmar,Magdalena,Antonio
Sandi,Tamara,Kari,Sonoko,Nadine,Rosa,Jose,Demetrio,Gladys,Nevio,Sofie,Andrzej,Jimmie
Priscilla,Valdivino,Marie-Eve,Yoshiji,Rob,Susie,Jonas,Brigida,Mariame,Costantina,Marvin,Marek,Jan-Olov
Sasha,Leonice,Yan,Asao,Dianna,Sybil,Henrik,Naroa,Amine,Virgínia,Sjoukje,Maciej,Pirkko
Olga,Adenilson,Josie,Komyo,Mona,Laurie,Karl-Friedrich,Peter,Karl,Ana,Imke,Grzegorz,Ken
Johanna,Antenor,Antoine,Sadae,Marina,Gabrielle,Hüseyin,Uxue,Violaine,Nicolò,Titia,Robert,Jasmine
Wes,Ivanilda,Sonya,Aki,Meghan,Darrell,Rolf-Dieter,Adan,Erick,Edmondo,Ciska,Monika,Mirja
Ashlee,Isaura,Wesley,Muneo,Daisy,Kris,Hedi,Jacinta,Joël,Cosmo,Wiebe,Adam,Dragan
Jocelyn,Sérgio,Raynald,Kosuke,Ernesto,Natalia,Teresa,Evangelina,Marie-Laurence,Pompeo,Madeleine,Ewa,Bjarne
Deirdre,Karoline,Leão,Seikichi,Andres,Lena,Elise,Valeriano,Mary,Ambra,Olivier,Jacek,Ole
Carlo,Emanuelly,Dwight,Yasumasa,Harriet,Krzysztof,Gebhard,Laila,Hicham,Tomaso,Eef,Wojciech,Isa
Rhiannon,Therezinha,Geoffrey,Tomoo,Ali,Lucia,Carl,Antia,Mariam,Fabiano,Annika,Marta,Raimo
Eve,Adair,Helena,Mitsu,Sidney,Serena,Theresa,Sarai,Alberto,Lodovico,Bennie,Mariusz,Viveka
Jerry,Olinda,Iris,Kaneko,Guillermo,Kieron,Felicitas,Alain,Déborah,Giustino,Elisa,Pawel,Seth
Edwin,Elson,Meghan,Soshi,Rachael,Austin,Aloys,Octavio,Amel,Costanzo,Maike,Michal,Jessika
Elisabeth,Amilton,Ming,Kokuei,Myra,Parveen,Karolina,Fran,Manuella,Severina,Eddie,Micha_,Stellan
Rebbecca,Alda,Verna,Sachi,Cameron,Harvey,Philip,Vicent,Alan,Gabriela,Iwan,Pawe_,Regina
Eugene,Kamila,Owen,Katsumasa,Jana,Tamara,Murat,Júlia,Ariane,Fiorina,Joeri,Karolina,Bruno
Theo,Zulmira,Cassandra,Teruyuki,Shelby,Bernice,Francesco,Mia,Madi,Anastasia,Katinka,Dariusz,Zandra
Ruby,Claudionor,Geraldine,Riminoru,Aimee,Alyson,Babette,Covadonga,Julienne,Doriano,Grietje,Artur,Anna-Greta
Gus,Vanusa,Brendan,Kuni,Lillie,Zena,Liesbeth,Bienvenida,Violette,Annina,Gerhard,Aleksandra,Billy
Gaye,Marluce,Blake,Takeharu,Rochelle,Isaac,Malte,Dionisia,Antony,Magda,James,Jakub,Cajsa
Suzy,Edimilson,Jenn,Hironori,Jenna,Davina,Sofie,Nicolae,Diana,Eligio,Pamela,Mateusz,Fadi
Lana,Abel,Line,Anki,Chelsea,Rowena,Hans-Günther,Mamadou,Charlene,Gianmario,Nicoline,Dorota,Amal
Medical,Angelita,Rachelle,Teruaki,Cheri,Salma,Pauline,Richard,Ophelie,Speranza,Stella,Jan,Eija
Stella,Yago,Young,Fumihiko,Wallace,Rajesh,Ricarda,Ibrahim,Steeve,Adelio,Lenie,Beata,Agne
Shelly,Marcilene,Kristy,Katsuzo,Celia,Vijay,Nathalie,Orlando,Stphanie,Giosue,Perry,Justyna,Georgios
Dana,Valdinei,Marguerite,Akino,Kellie,Aisha,Norman,Thiago,Thibaud,Paride,Marie-Louise,Barbara,Pawel
Darcy,Isaque,Taylor,Shotoku,Gertrude,Ewa,Gerti,Modesta,Andrew,Villa,Helena,Agata,Isabell
Phoebe,Thaina,Virginia,Yoshishige,Rod,Kylie,Ullrich,Angustias,José,Maristella,Cornelis,Ma_gorzata,Alaa
Barrie,Adelson,Clara,Yasutaka,Colin,Gilbert,Frieder,Graciela,Viviane,Pozzo,Rini,Kamil,Isabel
Cecilia,Getulio,Pierrette,Atsuo,Angelo,Ronnie,Ana,Minerva,Abdel,Gianbattista,Don,Lukasz,Reza
Meagan,Thayna,Herman,Fukiko,Leona,Gabriel,Reimund,Anas,Felix,Colomba,Liza,Iwona,Kjell-Åke
Wally,Rafaella,Stefan,Ukei,Jasmine,Shahid,Wanda,Cesareo,Sami,Melania,Jamie,Kasia,Jorge
Lyndon,Marizete,Rae,Sawa,Alyssa,Basil,Reinhild,Karim,Constance,Guerino,Rian,Bartosz,José
Byron,Graziela,Sandi,Kazuma,Shelia,Sarah-Jane,Andree,Sarah,Maeva,Delfina,Xander,Daniel,Jenni
Phill,Otacilio,Karin,Shinsuke,Clint,Stacy,Isabelle,Erica,Louisa,Ludovica,Wijnand,Zbigniew,Jorma
Tessa,Josefina,Rudy,Tatsue,Rosalie,Collette,Gerrit,Camila,Angélique,Rocca,Minke,Paulina,Cathrine
Jackson,Helen,Claúdia,Sueyoshi,Lana,Daniela,Eckart,Otilia,Chris,Iride,Josien,Jerzy,Nelly
Pip,Rosalia,Katrina,Toshimasa,Alfonso,Grahame,Gotthard,Denis,Gustave,Felicita,Drs,Janusz,Marcin
Jaime,Bento,Violet,Mitsuaki,Lorena,Dominique,Arnd,Socorro,Aurelia,Viola,Jurjen,Magda,Henric
Leisa,Geovanna,Claudia,Itsu,Nichole,Lance,Bertram,Clotilde,Mohand,Orazia,Co,Sebastian,Iman
Kristin,Aguinaldo,Blaine,Takuo,Dick,Gwen,Ansgar,Rufina,Maxence,Liberata,Arianne,Rafal,Daniella
Jules,Maira,Gabrielle,Mitsuharu,Lora,Karin,Maritta,Melania,Guylaine,Berardino,Marij,Maria,Päivi
Tom,Gessica,Andrzej,Takafumi,Tyrone,Sasha,Rose,Anselmo,Dina,Ivone,Jimmy,Sylwia,Berta
Michaela,Silas,Hugo,Takatoshi,Bethany,Josie,Hans-Martin,Pelayo,Pierre-Louis,Biagia,Pepijn,Rafa_,Clary
Siobhan,Ederson,Hubert,Asae,Simon,Jess,Margarita,Lazaro,Pierre-Marie,Tosca,Noor,Karol,Irja
Kristina,Guiomar,Abdul,Katsuhisa,Loren,Niall,Heinz-Werner,Abderrahim,Gregoire,Liviana,Bertus,Malgorzata,Elise
Neal,Deivid,Beatrice,Hidehiko,Felipe,Verity,Lilo,Paz,Dolores,Floriano,Marcia,Arkadiusz,Sirkka
Adrienne,Yan,Yannick,Sumiyo,Desiree,Sanjay,Mirjam,Saida,Roxane,Marica,Ilonka,Aneta,Li
Katy,Mary,Trina,Sanshi,Geoffrey,Delia,Hans-Wilhelm,Eider,Valrie,Lavinia,Etienne,Natalia,Liza
April,Edmundo,Rosaire,Ri,Karin,Isabelle,Maja,Hamid,Gwendoline,Dorina,Esmee,Izabela,Sofi
Mia,Thereza,Garth,Yuzuru,Everett,Lianne,Heinz-Günter,Cipriano,Cristina,Leonello,Leendert,Damian,Ann-Charlott
Lionel,Magda,Wei,Yukichi,Viola,Greta,Alina,Baltasar,Yassine,Baldassare,Ko,Konrad,Terese
Aileen,Alcione,Merle,Seigo,Marta,Shelagh,Sophia,Dominga,Hanane,Narciso,Veerle,Leszek,Mirjam
Ahmed,Marilza,Fernando,Naka,Mae,Marguerite,Arndt,Lia,Tanguy,Eliseo,Pascale,Szymon,Per-Ola
Kirk,Josenildo,Alexis,Shin-Nin,Dina,Anil,Victor,Loreto,Mustafa,Innocenzo,Bep,_ukasz,Ilona
Gwen,Jeronimo,Etienne,Toshinobu,Gerry,Juliette,Sönke,Amadeo,Stephen,Arduino,Carl,Ania,Marek
Gabby,Creusa,Vernon,Shigekazu,Lyle,Faith,Roberto,Anastasio,Abel,Aristide,Mari,Jolanta,Vilma
Cathie,Julieta,Myrna,Mitsuhiko,Fran,Sunil,Agathe,Gertrudis,Abdelaziz,Antonetta,Elles,Renata,Cristina
Nicolas,Higor,Kerri,Hoichi,Art,Karina,Eike,Bienvenido,Anissa,Bonaria,Elske,Ewelina,Jelena
Harold,Gilmara,Roman,Saiwaiminoru,Nellie,Gayle,Antonius,Celso,Sophia,Pra,Kenneth,Dawid,Eeva
Abby,Leonor,Gene,Terumi,Lourdes,Fraser,Juri,Rut,Ibrahima,Battistina,Mathieu,Ryszard,Zoran
Trudi,Dorival,Emmanuel,Sadayuki,Gustavo,Faisal,Monique,Emiliana,Aziz,Novella,Julian,Tomek,Boris
Rene,Tarcisio,Pearl,Masaji,Faith,Nasreen,Dana,Eloi,Fatou,Vania,Lida,Alicja,Nada
Terrence,Yara,Jean-Louis,Umeno,Jen,Cristina,Alwine,Balbina,Erika,Gioia,Tjitske,Kamila,Erkki
Regina,Bernadete,Naomi,Tairi,Darla,Saima,Marek,Mary,Abdellah,Faustino,Malou,Jaros_aw,Liisa
Russ,Eliseu,Adrienne,Kojitsu,Marla,Rhys,Rico,Bernabe,Stella,Giovannino,Margaret,Edyta,Örjan
Errol,Aristides,Adrien,Sumako,Violet,Kristian,Hans-Walter,Noah,Saliha,Ivonne,Josephine,Wojtek,Fatma
Garth,Joselia,Yu,Tadahiko,Geneva,Cliff,Giovanni,Hanane,Jean-Denis,Fiore,Randy,Roman,Christofer
Pierre,Thamires,Cody,Takahiko,Mercedes,Mona,Romy,Lucio,Marie-Chantal,Carola,Elma,Regina,Pentti
Alisha,Eraldo,Marc-Andre,Mari,Lucia,Alexis,Gesa,Olatz,Ines,Teresio,Dolf,Ernest,Holger
Vikki,Erik,Monika,Chi,Velma,Kenny,Reinhilde,Bouchra,Mounir,Manuele,Jasmijn,Mieczyslaw,Kicki
Kaylene,Zenilda,Kristine,Tatsuji,Rebbecca,Anthea,Hilke,Max,Jean-Daniel,Enea,Roberto,Oksana,Erland
Johan,Deborah,Jaime,Matsuji,Terrence,Shona,Leopold,Raúl,Khaled,Ingrid,Roxanne,W_odzimierz,Tilda
Doreen,Stefany,Maryse,Chiyoe,Dominic,Sinead,Mohamed,Jose-Pedro,Charly,Greta,Wessel,Marcel,Silvia
Juan,Jamile,Byron,Junzo,Rodolfo,Kerri,Johanne,Uxia,Grégoire,Beppe,Lidy,Liliana,Ismail
Bruno,Idalina,Melinda,Kyoji,Eunice,Mitchell,Ahmed,Nayra,Katy,Pierfrancesco,Dion,Roksana,Osman
Kat,Maisa,Bobby,Bunji,Sonja,Keeley,André,Jacqueline,Flore,Natascia,Daniela,Eryk,Vanessa
Aidan,Josiel,Jas,Yoshitsugu,Freddie,Mustafa,Sandy,Norberto,Alfredo,Bianco,Samira,Wiola,Angelika
Blair,Elóisa,Vic,Eikichi,Laverne,Percy,Sabina,Cintia,Mickaël,Giacinta,Arne,Anka,Hannu
Erik,Silvano,Dallas,Takeyoshi,Orlando,Rebekah,Sören,Eulogio,Armando,Rosamaria,Gerdien,Julian,Emanuel
Fleur,Edivan,Alícia,Kinya,Elisa,Tommy,Wally,Placido,Célia,Oliva,Kiki,Borys,Jarmo
Louisa,Kaue,Amir,Tatsuro,Lon,Perry,Irmtraut,Yassine,Walter,Damiana,Corry,Gerard,Christin
Roz,Graziele,Olivia,Rokuro,Liz,Shamim,Mona,Mihai,Jean-Loup,Fiammetta,Netty,Alan,Tatiana
Ravi,Ilza,Daniela,Junichiro,Wendell,Kirk,Lisbeth,Maitane,Jean-Joseph,Gavina,Jarno,Bart,Mina
Dominique,Aloisio,Morgan,Haruyoshi,Frankie,Sofia,Niels,Fulgencio,Leon,Catterina,Lucie,Patrick,Valentina
Lincoln,Adriele,Roberto,Wajin,Morris,Adrienne,Ewa,Samara,Nadège,Cristoforo,Carlos,Wladyslaw,Reijo
Oscar,Emilio,Tommy,Tatsuhiko,Genevieve,Bobby,Valeri,Sabrina,Meriem,Nicole,Celine,Olaf,Tiina
Bert,Edina,Alana,Hisayo,Stacie,Petra,Pamela,Lídia,Joanna,Oriano,Leny,Bogna,Raili
Isabel,Bryan,Jorge,Yukihiko,Camille,Gwyneth,Marietta,Axel,Amaury,Melissa,Felix,Jowita,Merja
Haydn,Eliezer,Georgina,Nama,Virgil,Erika,Luzie,Anibal,Axelle,Rosolino,Kay,Judyta,Sa
Paige,Gelson,Mitch,Teruhiko,Abraham,Mollie,Wendelin,Andrei,Justin,Americo,Taco,Kalina,Vincent
Larissa,Gilda,Jian,Shigezane,Antonia,Glynn,Ayse,Casimiro,Jane,Attilia,Rudolf,Christopher,Micael
Vickie,Ione,Vern,Kanari,Elsa,Loraine,Nicolas,Teofilo,Mariette,Giandomenico,Maya,Eva,Jasmina
May,Welington,Érica,Hiromasa,Sophia,Martine,Till,Rafa,Abdoulaye,Nora,Ann,Marina,Vladimir
Paddy,Neli,Jasmine,Takehiro,Clay,Winston,Emmy,Guillermina,Corentin,Vladimiro,Mischa,Irina,Calle
Leesa,Giselle,Stephan,Sora,Russ,Leila,Henny,Latifa,Amadou,Angiola,Wies,Olgierd,Douglas
Desiree,Gislene,Julian,Takanobu,Robbie,Luis,Danuta,Bryan,Christina,Erica,Tonnie,Irmina,Milan
Camilla,Aurora,Eddie,Masa,Kristie,Ravi,Cindy,Herminio,Angele,Vitaliano,Jean-Paul,Elena,Arja
Dirk,Matilde,Dick,Hiroto,Paige,Cassandra,Oleg,Iluminada,Jrme,Pierantonio,Myriam,Inga,Görel
Ric,Ilma,Elmer,Yuichiro,Bessie,Nazia,Pierre,Ionut,Philipe,Emiliana,Alwin,Marika,Henny
Suzi,Donizete,Dylan,Yoshitaro,Salvatore,Susanna,Jens-Uwe,Zaida,Frantz,Pamela,Geke,Amit,Jacqueline
Celia,Emanuelle,Lindsey,Yai,Marguerite,Anton,Claus-Dieter,Abdeslam,Nolwenn,Nereo,Esmeralda,Jack,Fatemeh
Ally,Manuella,Felix,Takehisa,Spencer,Nadeem,Rafael,Evelyn,Angel,Stanislao,Fabienne,Czeslaw,Lydia
Annabelle,Valdeir,Wilma,Yoichiro,Garry,Felix,Kai-Uwe,Stefan,Driss,Fedora,Sophia,Bogus_awa,Pamela
Jones,Mayra,Thanh,Matsuno,Krystal,Amie,Wiltrud,Rubén,Sofia,Filiberto,Ard,Magorzata,Aleksandar
Carrie,Alicia,Cyril,Kyuji,Kerri,Nathalie,Ludmila,Yurena,Francesco,Giovina,Kasper,Anna,Ursula
Wesley,Thales,Kirsten,Shunsuke,Trisha,Juan,Selma,Salud,Emilien,Armanda,Marissa,Tomasz,Carita
Alec,Ivanilde,Laurel,O,Shawna,Horace,Frida,Iban,Jean-Maurice,Adalberto,Ursula,Marcin,Abdi
Coral,Vanderleia,Irina,Shu,Ada,Philomena,Irmhild,Lluc,Geneviève,Tindaro,Ellis,Krzysztof,Bengt-Åke
Tyler,Elisabeth,Huguette,Yasuhisa,Lorenzo,Giuseppe,Mechtild,Anne,Yasmine,Moira,Dana,Katarzyna,Cassandra
Miles,Romilda,Laverne,Hiroyoshi,Clifton,Tiffany,Margaretha,Ignacia,Pamela,Gioconda,Corne,Agnieszka,Abdullah
Bethany,Nicolly,Sophia,Haruji,Jeremiah,Elliott,Janet,Iciar,Paola,Furio,Andreas,Joanna,Alan
Karla,Weslley,Omar,Naoya,Sherrie,Godfrey,Monica,Feliciana,Tom,Bambina,Mara,Magdalena,Elzbieta
Tyson,Kevin,Miriam,Mami,Damon,Bev,Birgitta,Xenia,Noureddine,Norberto,Sabina,Andrzej,Edward
Tracie,Francilene,Romeo,Takeichi,Laurel,Tamsin,Bernard,Jamal,Suzette,Tania,Ank,Marek,Denis
Sunny,Valdelice,Jared,Hisayuki,Angelina,Malgorzata,Auguste,Driss,Domingos,Aida,Sheila,Maciej,Eva-Marie
Eddy,Natalina,Oliver,Hidetaka,Christophe,Daren,Antonie,Saioa,Claúdia,Gianmaria,Frederique,Grzegorz,Viveca
Desmond,Josemar,Erica,Suemi,Ingrid,Kaye,Falko,Maximino,Guillemette,Ramona,Mustafa,Robert,Anny
Gill,Stephanie,Cristina,Tsurue,Janine,Roxanne,Albin,Beñat,Vivien,Nazareno,Francisca,Monika,Betty
Maya,Anselmo,Luigi,Misaki,Oliver,Ahmad,Andrew,Baldomero,Carol,Angelino,Josine,Adam,Carmen
Elle,Leandra,Ahmad,Ichidai,Myrna,Edgar,Ortrud,Felicitas,António,Olindo,Fam,Ewa,Amelie
Syed,Lindinalva,Dina,Ryojitsu,Candy,Tracie,Götz,Eusebia,Fernanda,Isa,Aniek,Jacek,Rose
Margo,Jurema,Alma,Shojiki,Cara,Ranjit,Anastasia,Engracia,Malik,Samanta,Aafke,Wojciech,Martha
Martyn,Marineide,Christiane,Yasunobu,Minnie,Farzana,Cäcilie,Alessandro,Mina,Silva,Hedwig,Marta,Hanne
Lin,Claudineia,Billy,Katsushi,Mattie,Kath,Leonore,Ioana,Graziella,Felicita,Lenny,Mariusz,Lea
Marnie,Milene,Mildred,Eriko,Latoya,Cathryn,Raphael,Manolo,Cline,Viola,Robert-Jan,Pawel,Owe
Edwina,Darcy,Sunny,Sueno,Mickey,Maisie,Torben,Noe,Simonne,Orazia,Eugene,Michal,Reine
Alfred,Eliel,Jean-Luc,Nishi,Patrice,Jocelyn,Georgios,Ibon,Rosine,Liberata,Jorien,Micha_,Fredric
Francesca,Luci,Vladimir,Kan,Hugo,Nicki,Brunhild,Augusto,Mark,Berardino,Ferdinand,Pawe_,Roberto
Shona,Ronald,Carlo,Mina,Marcella,Fran,Gertrude,Ada,Tahar,Ivone,Nils,Karolina,Finn
Brittany,Meire,Adele,Naoe,Terrance,Tahir,Isa,Bibiana,Roberto,Biagia,Gwen,Dariusz,Ingbritt
Jemma,Fagner,Mireille,Wakako,Janelle,Asma,Joanna,Victorina,Giuseppe,Tosca,Frederik,Artur,Jerker
Iris,Analia,Micheal,Jojitsu,Celeste,Manuel,Carlos,Inocencia,Tania,Liviana,Benno,Aleksandra,Igor
Jock,Clodoaldo,Emilie,Bushi,Cliff,Damon,Heinz-Georg,Marino,Papa,Floriano,Hellen,Jakub,Berith
Antonio,Hudson,Angel,Michihiro,Ira,Tricia,Danny,Nancy,Cecilia,Marica,Armand,Mateusz,Simone
Monika,Jenifer,Jillian,Eijiro,Vince,Mariam,Michele,Oliva,Maguy,Lavinia,Ivan,Dorota,Sixten
Kai,Almerinda,Shari,Masano,Rosario,Larry,Friedbert,Souad,Youcef,Dorina,Joanna,Jan,Anni
Peggy,Rosimar,Casey,Jo,Delia,Lukasz,Inka,Maria-Emilia,Valery,Leonello,Else,Beata,Catherine
Dom,Joaquina,Mitchell,Momoko,Willard,Rex,Harri,Cynthia,Jean-Franois,Baldassare,Henk-Jan,Justyna,Steven
Beverly,Lucelia,Kara,Iori,Tammie,Robbie,Kati,Gala,Jessy,Narciso,Francine,Barbara,Evelyn
Mohamed,Maurilio,Kelsey,Fukuji,Mathew,Usman,Gerta,Aquilino,George,Eliseo,Anniek,Agata,Thor
Felix,Vanilda,Laurence,Naoji,Josefina,Rhiannon,Fridolin,Aziz,Jean-Robert,Innocenzo,Baukje,Ma_gorzata,Nikola
Kristian,Marines,Ethel,Namie,Lola,Lizzie,Hardy,Vidal,Wilfrid,Arduino,Lenneke,Kamil,Irena
Ursula,Fabricia,Susanne,Shuhei,Johanna,Edwina,Reinhardt,Haizea,Helena,Aristide,Carol,Lukasz,Karen
Emmanuel,Anthony,Hilary,Choji,Gale,Bessie,Michel,Presentacion,Monica,Antonetta,Janna,Iwona,Ludwig
Gay,Wendel,Xiao,Norikazu,Marissa,Ismail,Heiderose,Nicolasa,Yacine,Bonaria,Pien,Kasia,Odd
Deanna,Lourenco,Miranda,Hiroumi,Tracie,Steph,Hans-Christian,Hajar,Flavien,Pra,Lucienne,Bartosz,Gran
Chrissy,Neiva,Raj,Fujieda,Gabriela,Una,Annemie,Samir,Marilyn,Battistina,Boris,Daniel,Kate
Elisa,Mercedes,Winston,Tokuichi,Clark,Chelsea,Trude,Amal,Jamal,Novella,Tine,Zbigniew,Rosita
Daniela,Isis,Brandy,Rumiko,Ronda,Rajinder,Victoria,Zakaria,Marc-Antoine,Vania,Allard,Paulina,Katharina
Neale,Elio,Pete,Ichini,Curt,Pippa,Karl-Wilhelm,Dunia,Pierre-Henri,Gioia,Pia,Jerzy,Lise-Lott
Kev,Marcilio,Ping,Shigeyo,Maribel,Samina,Thi,Thais,Adrienne,Faustino,Emily,Janusz,Willy
Xavier,Camilla,Karla,Kotoku,Verna,Ceri,Simona,William,Jean-Dominique,Giovannino,Jorn,Magda,Gabriela
Vaughan,Givaldo,Steeve,Fukuo,Miranda,Roberto,Eckard,Ismail,Hafida,Ivonne,Carolina,Sebastian,Pauline
Juanita,Jaciara,Kendra,Zenko,Trina,Priya,Helgard,Arancha,Hawa,Fiore,Chiel,Rafal,Jolanta
Krystal,Paulina,Marsha,Tomoyo,Cora,Cherry,Ernst-August,Gumersindo,Hamza,Carola,Willie,Maria,Alina
Viv,Jadson,Melody,Toshitaka,Kelsey,Ramesh,Gabriel,Simona,Fouzia,Teresio,Leontine,Sylwia,Lill
Nerida,Manoela,Morris,Eizo,Mohammad,Maud,Jaqueline,Salome,Manu,Manuele,Guy,Rafa_,Terttu
Sheridan,Jucilene,Clint,Suzu,Abigail,Leonie,Silvana,Isabella,Habib,Enea,Leonard,Karol,Majlis
Alexis,Nara,Randall,Takubi,Israel,Silvia,Angelo,Elisenda,Matthias,Ingrid,Irina,Malgorzata,Kirsti
Kenny,Alison,Alicia,Sueko,Nell,Dionne,Meinolf,Faustina,Cyrielle,Greta,Folkert,Arkadiusz,Harri
Maj,Felix,Jean-Philippe,Chiemi,Francine,Lyndsay,Elly,Sacramento,Yveline,Beppe,Fenna,Aneta,Berth
Caleb,Braz,Andree,Bisei,Trudy,Bethan,Mohammad,Nina,Blanche,Pierfrancesco,Joy,Natalia,Janina
Marjorie,Euripedes,Francoise,Eisaku,Cassie,Jeffery,Karl-Otto,Kilian,Solene,Natascia,Annemie,Izabela,Egon
Ebony,Dalila,Hector,Yujiro,Lesley,Rosanna,Konstanze,Pastora,Zahra,Bianco,Dianne,Damian,Aron
Steve,Iracy,Susie,Momoe,Cherie,Kevan,Inna,Ariana,Antonin,Giacinta,Muriel,Konrad,Klaus
Maxwell,Natan,Mei,Jinichi,Flora,Rosalyn,Dunja,Oihane,Hichem,Rosamaria,Mariet,Leszek,Michal
Jayden,Icaro,Igor,Tsuneji,Tasha,Tomas,Rosita,Melchor,Gauthier,Oliva,Odette,Szymon,Rana
Conor,Edinalva,Adriana,Misuzu,Devin,Henrietta,Hans-Willi,Karina,Marie-Pascale,Damiana,Lynn,_ukasz,Gina
Roman,Janice,Chantale,Rika,Beatriz,Bianca,Emine,Jose-Pablo,Celia,Fiammetta,Jeannet,Ania,Hanan
Duane,Durval,Tânia,Tae,Joni,Coral,Osman,Gaizka,Adama,Gavina,Marie-José,Jolanta,Nicholas
Dani,Everson,Carey,Shuwa,Malcolm,Jerome,Traudel,Hafida,Doris,Catterina,Marlon,Renata,Seyed
Trisha,Paulino,Fatima,Yoshi,Marcos,Ena,Vincenzo,Andreea,Lila,Cristoforo,Cathy,Ewelina,Krystyna
Petra,Wilton,Marnie,Takeji,Susana,Asha,Rosalinde,Julieta,Davy,Nicole,Corien,Dawid,Manuel
Dwayne,Mariano,Renald,Norihiko,Rogelio,Abbie,Änne,Rosendo,Marie-Josee,Oriano,Natalia,Ryszard,Sabine
Jacques,Enio,Nigel,Hirohisa,Dena,Johnathan,Enno,Bonifacio,Samy,Melissa,Lucien,Tomek,Judit
Martina,Ademilson,Trent,Ikko,Mitch,Vince,Karl-Ludwig,Dina,Michaël,Rosolino,Manuel,Alicja,Lola
Luisa,Ieda,Ivy,Hayato,Toby,Mariusz,Marlen,Fermina,Noémie,Americo,Josje,Kamila,Ninni
Brigitte,Ulisses,Cara,Hirotoshi,Mohammed,Ravinder,Leonie,Arsenio,Eveline,Attilia,Clara,Jaros_aw,Pål
Alf,Dione,Janis,Haruka,Lucas,Ayesha,Gerhild,Maximiliano,Alison,Giandomenico,Dirk-Jan,Edyta,Melissa
Anne-Maree,Nilo,Christa,Komi,Inez,Nana,Karl-Ernst,Victorino,Miloud,Nora,Roelie,Wojtek,Satu
Vijay,Abilio,Thelma,Fumihiro,Garrett,Sabina,Claus-Peter,Serafina,Laila,Vladimiro,Colette,Roman,Heikki
Jasmin,Heleno,Giuseppe,Takayo,Caitlin,Catriona,Karl-Heinrich,Celestina,Anny,Angiola,Emilie,Dominika,Jukka
Noelene,Avelino,Or,Seiwa,Dixie,Sheryl,Vitali,Nabil,Gwenael,Erica,Merijn,Jaroslaw,Rami
Jp,Juscelino,Roch,So,Christi,Helene,Hanno,Marwa,Victoire,Vitaliano,Renata,Marzena,Ronald
Serena,Edith,Sonja,Taketoshi,Benny,Sajid,Eugenie,Moussa,Nelson,Pierantonio,Clemens,Dominik,Mira
Marita,Juracy,Lin,Kokorozashi-Ge,Alberta,Declan,Helen,Saturnina,Luce,Emiliana,Ewout,Urszula,Mette
Gavan,Geane,Gavin,Futoshi,Rebekah,Narinder,Katarina,Jose-Tomas,Abdelkrim,Pamela,Ashley,Adrian,Anki
Beryl,Genesio,Dora,Bikichi,Myrtle,Balbir,Burghard,Najat,Anne-Catherine,Nereo,Carine,Patrycja,Nicolas
Molly,Dolores,Ella,Hiroshiei,Lorna,Johnny,Dimitrios,Teo,Marie-Luce,Stanislao,Tess,Olaf,Carolin
Kimberly,Lindaura,Carman,Hisaichi,Carolina,Rich,Anny,Yesica,Sauveur,Fedora,Liselotte,Bogna,Abbas
Kelli,Andrey,Jacquie,Shinzo,Elvira,Beata,René,Higinio,Ismail,Filiberto,Kyra,Jowita,Hilkka
Sian,Caique,Hannah,Sei-Ki,Therese,Raja,Hatice,Mark,Christ,Giovina,Ray,Judyta,Jamal
Boris,Odilon,Becky,Tane,Zach,Fredrick,Diane,Concepcio,Nabila,Armanda,Sebastian,Kalina,Wilhelm
Harley,Americo,Kenny,Taka,Abby,Mehmet,Hellmut,Nicoleta,Adel,Adalberto,Yolande,Christopher,Eira
Darryn,Ananias,Ricky,Kaho,Tabitha,Jen,Evelyne,Ikram,Ronald,Tindaro,Nicolien,Eva,Jani
Doris,Amadeu,Elisabeth,Hamako,Preston,Renata,Catrin,Ayman,Cecília,Moira,Giel,Marina,Micke
Rachelle,Adolfo,Wally,Choshi,Josie,Trudi,Marija,Sira,Rosette,Gioconda,Jitske,Irina,Liz
Stefanie,Giovanni,Kelvin,Eishun,Mayra,Trish,Madeleine,Desire,Ahmet,Furio,Mehmet,Olgierd,Disa
Marisa,Elvis,Eddy,Yukinori,Bonita,Estelle,Andy,Bianca,Vronique,Bambina,Micha,Irmina,Ebbe
Cherry,Cláudio,Giovanni,Tadanori,Marisa,Rhoda,James,Luciana,Luigi,Norberto,Wilfried,Elena,Cristian
Taryn,Eurides,Lewis,Katsuro,Kirsten,Mandeep,Hanspeter,Gladys,Gérald,Tania,Bauke,Inga,Vesna
Jacki,Claúdia,Lea,Natsue,Brendan,Caron,Hannah,Hipolito,Jean-Marcel,Aida,Tjerk,Marika,Khalid
Brandon,Jardel,Anton,Mihiro,Carlton,Amarjit,Ortwin,Irune,Rabia,Gianmaria,Greet,Amit,Noor
Nicki,Candida,Yi,Biaki,Bert,Jaime,Manja,Andrés,Yoan,Ramona,Mitchell,Jack,Grzegorz
Liza,Albino,Wilson,Shoei,Julius,Leo,Emilia,Mayte,Harry,Nazareno,Pedro,Czeslaw,Stephan
Lee-Anne,Marivaldo,Jana,Eisuke,Jayne,Hugo,Mary,Aday,Jan,Angelino,Riny,Bogus_awa,Walter
Amie,James,Kai,Genichi,Marcy,Giovanni,Jrgen,Henar,Pierre-Olivier,Olindo,Gonnie,Magorzata,Marc
Pieter,Goncalo,Garnet,Jishi,Cary,Monique,Juan,Yassin,Fadila,Isa,Juan,Anna,Märtha
Sharron,Vanderson,Jo-Anne,Takahisa,Nicolas,Dad,Jolanta,Antónia,Roberte,Samanta,Natasha,Tomasz,Sigbritt
Tommy,Marciano,Myriam,Tomizo,Keri,Farah,Cornelius,Eleuterio,Philip,Silva,Mohammed,Marcin,Pehr
Abigail,Edivania,Floyd,Shigeto,Carroll,Grzegorz,Swen,Sabela,Ida,Beatrice,Wieke,Krzysztof,Tamara
Ronnie,Dayana,Angus,Bunmei,Roman,Kamal,Jean,Janire,Francette,Marilena,Edo,Katarzyna,Stella
Aj,Samira,Belinda,Haruyuki,Bud,Erin,Natalja,Brenda,Raphaelle,Orazio,Geert-Jan,Agnieszka,Emina
Marissa,Maciel,Rolland,Masahisa,Mel,Shabana,Karl-Hermann,Zahra,Laurette,Gianna,Meta,Joanna,Emmelie
Sunil,Weverton,Yolande,Kinari,Christa,Jonny,Dietlinde,Flor,Lucia,Ennio,Juul,Magdalena,Samer
Luis,Santina,Dolores,Minato,Barb,Maxwell,Amalie,Alejo,Youssouf,Elsa,Tobias,Andrzej,Hildur
Rob,Haroldo,Christy,Kisaburo,Jocelyn,Bryony,Renata,Adil,Anne-Charlotte,Letizia,Lindy,Marek,Miguel
Martha,Josivaldo,Charmaine,Taira,Myron,Regina,Lilly,Olaya,Pierre-Antoine,Egidio,Hermien,Maciej,Britt-Louise
Quentin,Rene,Graeme,Tomohiko,Susanne,Dylan,Friedemann,Virgilio,Minh,Giampaolo,Jenneke,Grzegorz,Timmy
Madeline,Jesse,Daphne,Etsuro,Stefanie,Yusuf,Halina,Unax,Dan,Aniello,Marita,Robert,Titti
Agnes,Augusta,Jodie,Takuji,Jodie,Ted,Heinz-Hermann,Isaias,Leão,Giampiero,Aline,Monika,Mariann
Florence,Cibele,Caitlin,Seiten,Darin,Ricardo,Ernestine,Zohra,Eugenie,Natalina,Marlene,Adam,Kirsten
Isabelle,Antonieta,Margo,Rei,Jillian,Naseem,Jens-Peter,Urbano,Sergio,Veronica,Jessie,Ewa,Runa
Jarrad,Nelci,Spencer,Tokuzo,Mabel,Jude,Kunigunde,Nelson,Zineb,Ivo,Math,Jacek,Elinor
Rupert,Enedina,Ricardo,Takamitsu,Rickey,Francesco,Kuno,Maravillas,Rosalie,Arturo,Margret,Wojciech,Eskil
Faith,Jovelina,Gus,Jobu,Edmund,Phoebe,Dominic,Humberto,Louis-Marie,Guglielmo,Alma,Marta,Sigvard
Adriana,Elcio,Winnie,Hideyoshi,Alisha,Liza,Fredi,Casilda,Ahamadi,Valentino,Kris,Mariusz,Zainab
Lex,Givanildo,Dee,San,Lowell,Rosalie,Anatoli,Norma,Gaël,Lorena,Gonny,Pawel,Ahmet
Nelson,Francinete,Regina,Jitsuo,Corinne,Paulette,Berit,Iman,Daniela,Mattia,Eugenie,Michal,Fadumo
Deidre,Natalino,Miguel,Miwa,Santos,Hanna,Edward,Dani,Guilhem,Benedetto,Pascalle,Micha_,Anne-Charlotte
Laurel,Dionisio,Claudine,Kuniharu,Ernie,Mo,Heinz-Joachim,Pascuala,Anne-France,Giorgia,Debora,Pawe_,Fredrika
Daisy,Adauto,Marie-Josee,Soji,Lupe,Mohinder,William,Arantza,Aissa,Virginia,Manja,Karolina,Niels
Isabella,Joselito,Juanita,Nobuji,Hal,Robina,Cathrin,Basilisa,Marlène,Loris,Frieda,Dariusz,Love
Elissa,Berenice,Elise,Takeno,Nate,Millicent,Carlo,Paulo,Houmadi,Amalia,Bregje,Artur,Tova
Lina,Inez,Mathew,Kinjiro,Ramiro,Ajay,Lea,Jess,Dorothée,Amedeo,Maja,Aleksandra,Judith
Lyndal,Judith,Bertha,Eri,Van,Loretta,Samuel,Jone,Julian,Rodolfo,Gertie,Jakub,Nellie
Sabrina,Theo,Karim,Iku,Ignacio,Maryam,Sibille,Ivet,Jamel,Cosima,Dimitri,Mateusz,Hulda
Estelle,Irma,Brooke,Keijiro,Wilson,M,Brita,Abelardo,Larbi,Nicolo,Nellie,Dorota,Dejan
Frederick,Margareth,Jing,Shosaku,Missy,Andy,Dierk,Izaro,Reynald,Marzia,Danique,Jan,Mehdi
Catriona,Abraao,Isaac,Nobutaka,Muriel,Imogen,Mina,Siham,Sam,Moreno,Soraya,Beata,Risto
Jaclyn,Aurelio,Noreen,Akihisa,Janette,Sadia,Almuth,Ofelia,Nasser,Antonello,Rinske,Justyna,Lillian
Stanley,Daniella,Edmond,Sakae,Hubert,Antoinette,Myriam,Sonsoles,Slimane,Mariella,Mick,Barbara,Lars-Ove
Lena,Lazara,Patsy,Jibi,Leanne,Amar,Gero,Melanie,Tiffany,Cristian,Jens,Agata,Danuta
Jorge,Gean,Gertrude,Sachio,Della,Shelly,Yusuf,Benedicta,Filipe,Mirko,Angelo,Ma_gorzata,Aila
Roberto,Ewerton,Sheena,Seiki,Aurora,Tyrone,Maria-Luise,Giovanni,Neves,Irma,Terry,Kamil,Marion
Min,Giulia,Min,Chihiro,Jeri,Nisha,Herwig,Ramón,Bouchra,Santina,Bo,Lukasz,Roman
Chantal,Thays,Marcus,Hyakudai,Merle,Muhammed,Anne-Marie,Carmela,Saadia,Gianluigi,Gerjan,Iwona,Antonia
Phillipa,Nestor,Domenic,Tetsushi,Saul,Ghulam,Wolf-Rüdiger,Hayat,Erik,Valter,Marta,Kasia,Gullvi
Jerome,Adrian,Fay,Kishi,Abel,Suresh,Aloisia,Iryna,Clementine,Ermanno,Rico,Bartosz,Andre
Fraser,Emanoel,Wallace,Kozue,Graciela,Andrzej,Patrizia,Christopher,Ousseni,Flavia,Björn,Daniel,Maija
Teena,Zuleide,Ada,Kensuke,Bobbi,Kamran,Zita,Letícia,Marie-Lise,Marinella,Ian,Zbigniew,Thore
Md,Olavo,Carly,Nobuyoshi,Tomas,Rehana,Milan,Aitziber,Armel,Pierino,Lesley,Paulina,Edin
Andreas,Izabela,Christie,Toyohiko,Kelvin,Murray,Christiana,Damaris,Walid,Alba,Mayke,Jerzy,Herman
Cory,Leonilda,Pascale,Naohiro,Cecelia,Calvin,Valerie,Belinda,Oumar,Cristiano,Jesper,Janusz,Adel
Lyndall,Ivanir,Alyssa,Shinsaku,Wes,Karolina,Kaspar,Maria-Cecilia,Jean-Patrick,Maura,Gilbert,Magda,Maya
Brodie,Rogério,Tania,Suehiro,Gilberto,Zahid,Ole,Severino,Gil,Damiano,Robbin,Sebastian,Renata
Brock,Jeniffer,Olive,Keiichiro,Santiago,Flora,Sandro,Naira,Ben,Katia,Adriana,Rafal,Lukasz
Rudy,Cacilda,Jeannie,Motoo,Elias,Lyndon,Ekaterina,Ceferino,Paolo,Sante,Cas,Maria,Anna-Stina
Conrad,Onofre,Annick,Sadayoshi,Aida,Shannon,Niklas,Salah,Habiba,Loretta,Barend,Sylwia,Jana
Amit,Rivaldo,Devon,Fuminori,Erick,Connie,Dominique,Olalla,Mahmoud,Cecilia,Diederik,Rafa_,Marielle
Helene,Cinthia,Austin,Anna,Stewart,Rafal,Lioba,Pamela,Emeric,Osvaldo,Carien,Karol,Yusuf
Reece,Ian,Herb,Ikue,Owen,Alasdair,Emanuel,Maria-Ester,Joëlle,Christian,Harriet,Malgorzata,Anthony
Kristi,Filomena,Minh,Kingo,Buddy,Arron,Meinhard,Imane,Thanh,Primo,Leontien,Arkadiusz,August
Brianna,Cleidiane,Abe,Mutsu,Rolando,Artur,Roswita,Javi,Ketty,Stella,Lou,Aneta,Pertti
Alister,Franklin,Chi,Tomoyoshi,Ismael,Esme,Dimitri,Nekane,Hlne,Ferruccio,Igor,Natalia,Karim
Marcel,Isac,Oscar,Koni,Randolph,Oscar,Karl-Peter,Jeronima,Pierre-Emmanuel,Amelia,Lea,Izabela,Bosse
Ethan,Thalia,Ghislaine,Shigeichi,Roderick,Wai,Peer,Svetlana,Karin,Rosetta,Grace,Damian,Martti
Polly,Estela,Jp,Kikuji,Bennie,Candice,Susi,Mayra,Sabah,Flora,Roderick,Konrad,Amer
Sharlene,Gleice,Dino,Kino,Francisca,Conrad,Kristine,Michelle,Siham,Nello,Marcus,Leszek,Francisco
Kathie,Edvan,Tatiana,Motoichi,Luther,Irfan,Yilmaz,Roxana,Brian,Alice,Daniella,Szymon,Jan-Eric
Richie,Zilma,Ying,Toshimichi,Polly,Jaswinder,Herma,Dumitru,Tarik,Costantino,Floortje,_ukasz,Amira
Trina,Otilia,Marta,Kazuharu,Katy,Arshad,Leonid,Thomas,Hortense,Vanda,Victoria,Ania,Brian
Sherry,Gildete,Lyn,Tsutae,Les,Stan,Rose-Marie,Celsa,Hasan,Gilberto,Antje,Jolanta,Malte
Cathryn,Laryssa,Archie,Yoshihito,Young,Iqbal,Beata,George,Antonia,Serafina,Marjanne,Renata,Mariusz
Charlene,Leonel,Jayne,Chushin,Sandi,Bryn,Angelina,Younes,Abderrahmane,Gioacchino,Marko,Ewelina,Vendela
Jacky,Romeu,Name,Kisakae,Debora,Kara,Traude,Fco,Chrystel,Aurelio,Jason,Dawid,Esa
Mr,Ivana,Chas,Soichiro,Lea,Aleksandra,Ulli,Claúdia,Belkacem,Orlando,Brigit,Ryszard,Lars-Olov
Kel,Cezar,André,Kazunobu,Lucinda,Nathaniel,Malgorzata,Nour,Maximilien,Catia,Wiel,Tomek,Tommie
Gene,Ariel,Germaine,Kosho,Bret,Rowan,Insa,Jamila,Margaret,Lorenza,Jeff,Alicja,Dorota
Antoinette,Rosely,Hui,Harukichi,Sammy,Minnie,Mohammed,Braulio,Flavie,Mirco,Catharina,Kamila,Hans-Olof
Arnold,Ary,Devin,Fusayo,Emmanuel,Aubrey,Alexa,Yoel,Aldo,Edda,Hub,Jaros_aw,Gull
